dyad_id	run	onset	duration	completion_time_s	trial_index	trial_type	cooperation_mode	difficulty	stimulus	role_a	role_b	timing_source
dyad-001	run-01	102.090909	20.000	14.591	1	coloring	leader-follower	easy	carrot	pattern-board pen position	applying-board contact force	SNIRF trial-start marker; fixed 20-s task duration; completion time from behavior
dyad-001	run-01	141.000000	20.000	16.730	2	coloring	leader-follower	easy	carrot	pattern-board pen position	applying-board contact force	SNIRF trial-start marker; fixed 20-s task duration; completion time from behavior
dyad-001	run-01	180.000000	20.000	14.708	3	coloring	leader-follower	easy	carrot	pattern-board pen position	applying-board contact force	SNIRF trial-start marker; fixed 20-s task duration; completion time from behavior
dyad-001	run-01	218.909091	20.000	9.558	4	coloring	leader-follower	easy	carrot	pattern-board pen position	applying-board contact force	SNIRF trial-start marker; fixed 20-s task duration; completion time from behavior
dyad-001	run-01	257.545455	20.000	7.749	5	coloring	leader-follower	easy	carrot	pattern-board pen position	applying-board contact force	SNIRF trial-start marker; fixed 20-s task duration; completion time from behavior
dyad-001	run-01	296.090909	20.000	9.821	6	coloring	leader-follower	easy	carrot	pattern-board pen position	applying-board contact force	SNIRF trial-start marker; fixed 20-s task duration; completion time from behavior
dyad-001	run-01	334.818182	20.000	8.261	7	coloring	leader-follower	easy	carrot	pattern-board pen position	applying-board contact force	SNIRF trial-start marker; fixed 20-s task duration; completion time from behavior
dyad-001	run-01	373.363636	20.000	10.952	8	coloring	leader-follower	easy	carrot	pattern-board pen position	applying-board contact force	SNIRF trial-start marker; fixed 20-s task duration; completion time from behavior
dyad-001	run-01	412.090909	20.000	8.960	9	coloring	leader-follower	easy	carrot	pattern-board pen position	applying-board contact force	SNIRF trial-start marker; fixed 20-s task duration; completion time from behavior
dyad-001	run-01	450.636364	20.000	12.197	10	coloring	leader-follower	easy	carrot	pattern-board pen position	applying-board contact force	SNIRF trial-start marker; fixed 20-s task duration; completion time from behavior
dyad-001	run-01	489.454545	20.000	8.731	11	coloring	leader-follower	easy	carrot	pattern-board pen position	applying-board contact force	SNIRF trial-start marker; fixed 20-s task duration; completion time from behavior
dyad-001	run-01	528.000000	20.000	8.603	12	coloring	leader-follower	easy	carrot	pattern-board pen position	applying-board contact force	SNIRF trial-start marker; fixed 20-s task duration; completion time from behavior
dyad-001	run-01	566.636364	20.000	8.724	13	coloring	leader-follower	easy	carrot	pattern-board pen position	applying-board contact force	SNIRF trial-start marker; fixed 20-s task duration; completion time from behavior
dyad-001	run-01	605.181818	20.000	8.985	14	coloring	leader-follower	easy	carrot	pattern-board pen position	applying-board contact force	SNIRF trial-start marker; fixed 20-s task duration; completion time from behavior
dyad-001	run-01	643.727273	20.000	8.790	15	coloring	leader-follower	easy	carrot	pattern-board pen position	applying-board contact force	SNIRF trial-start marker; fixed 20-s task duration; completion time from behavior
dyad-001	run-02	41.818182	20.000	13.142	1	coloring	leader-follower	hard	wave	pattern-board pen position	applying-board contact force	SNIRF trial-start marker; fixed 20-s task duration; completion time from behavior
dyad-001	run-02	80.636364	20.000	12.700	2	coloring	leader-follower	hard	wave	pattern-board pen position	applying-board contact force	SNIRF trial-start marker; fixed 20-s task duration; completion time from behavior
dyad-001	run-02	119.545455	20.000	15.115	3	coloring	leader-follower	hard	wave	pattern-board pen position	applying-board contact force	SNIRF trial-start marker; fixed 20-s task duration; completion time from behavior
dyad-001	run-02	158.363636	20.000	16.668	4	coloring	leader-follower	hard	wave	pattern-board pen position	applying-board contact force	SNIRF trial-start marker; fixed 20-s task duration; completion time from behavior
dyad-001	run-02	197.454545	20.000	14.394	5	coloring	leader-follower	hard	wave	pattern-board pen position	applying-board contact force	SNIRF trial-start marker; fixed 20-s task duration; completion time from behavior
dyad-001	run-02	236.272727	20.000	13.694	6	coloring	leader-follower	hard	wave	pattern-board pen position	applying-board contact force	SNIRF trial-start marker; fixed 20-s task duration; completion time from behavior
dyad-001	run-02	275.181818	20.000	9.919	7	coloring	leader-follower	hard	wave	pattern-board pen position	applying-board contact force	SNIRF trial-start marker; fixed 20-s task duration; completion time from behavior
dyad-001	run-02	313.818182	20.000	12.795	8	coloring	leader-follower	hard	wave	pattern-board pen position	applying-board contact force	SNIRF trial-start marker; fixed 20-s task duration; completion time from behavior
dyad-001	run-02	352.636364	20.000	14.526	9	coloring	leader-follower	hard	wave	pattern-board pen position	applying-board contact force	SNIRF trial-start marker; fixed 20-s task duration; completion time from behavior
dyad-001	run-02	391.454545	20.000	12.273	10	coloring	leader-follower	hard	wave	pattern-board pen position	applying-board contact force	SNIRF trial-start marker; fixed 20-s task duration; completion time from behavior
dyad-001	run-02	430.272727	20.000	10.806	11	coloring	leader-follower	hard	wave	pattern-board pen position	applying-board contact force	SNIRF trial-start marker; fixed 20-s task duration; completion time from behavior
dyad-001	run-02	468.818182	20.000	12.693	12	coloring	leader-follower	hard	wave	pattern-board pen position	applying-board contact force	SNIRF trial-start marker; fixed 20-s task duration; completion time from behavior
dyad-001	run-02	507.636364	20.000	11.472	13	coloring	leader-follower	hard	wave	pattern-board pen position	applying-board contact force	SNIRF trial-start marker; fixed 20-s task duration; completion time from behavior
dyad-001	run-02	546.363636	20.000	13.608	14	coloring	leader-follower	hard	wave	pattern-board pen position	applying-board contact force	SNIRF trial-start marker; fixed 20-s task duration; completion time from behavior
dyad-001	run-02	585.272727	20.000	13.342	15	coloring	leader-follower	hard	wave	pattern-board pen position	applying-board contact force	SNIRF trial-start marker; fixed 20-s task duration; completion time from behavior
dyad-001	run-03	43.272727	20.000	8.020	1	coloring	egalitarian	easy	carrot	x-axis position and contact force	y-axis position and contact force	SNIRF trial-start marker; fixed 20-s task duration; completion time from behavior
dyad-001	run-03	81.818182	20.000	8.284	2	coloring	egalitarian	easy	carrot	x-axis position and contact force	y-axis position and contact force	SNIRF trial-start marker; fixed 20-s task duration; completion time from behavior
dyad-001	run-03	120.272727	20.000	6.310	3	coloring	egalitarian	easy	carrot	x-axis position and contact force	y-axis position and contact force	SNIRF trial-start marker; fixed 20-s task duration; completion time from behavior
dyad-001	run-03	158.727273	20.000	7.326	4	coloring	egalitarian	easy	carrot	x-axis position and contact force	y-axis position and contact force	SNIRF trial-start marker; fixed 20-s task duration; completion time from behavior
dyad-001	run-03	197.181818	20.000	7.326	5	coloring	egalitarian	easy	carrot	x-axis position and contact force	y-axis position and contact force	SNIRF trial-start marker; fixed 20-s task duration; completion time from behavior
dyad-001	run-03	235.545455	20.000	7.854	6	coloring	egalitarian	easy	carrot	x-axis position and contact force	y-axis position and contact force	SNIRF trial-start marker; fixed 20-s task duration; completion time from behavior
dyad-001	run-03	274.090909	20.000	8.000	7	coloring	egalitarian	easy	carrot	x-axis position and contact force	y-axis position and contact force	SNIRF trial-start marker; fixed 20-s task duration; completion time from behavior
dyad-001	run-03	312.545455	20.000	9.229	8	coloring	egalitarian	easy	carrot	x-axis position and contact force	y-axis position and contact force	SNIRF trial-start marker; fixed 20-s task duration; completion time from behavior
dyad-001	run-03	351.090909	20.000	6.207	9	coloring	egalitarian	easy	carrot	x-axis position and contact force	y-axis position and contact force	SNIRF trial-start marker; fixed 20-s task duration; completion time from behavior
dyad-001	run-03	389.545455	20.000	5.366	10	coloring	egalitarian	easy	carrot	x-axis position and contact force	y-axis position and contact force	SNIRF trial-start marker; fixed 20-s task duration; completion time from behavior
dyad-001	run-03	427.818182	20.000	6.077	11	coloring	egalitarian	easy	carrot	x-axis position and contact force	y-axis position and contact force	SNIRF trial-start marker; fixed 20-s task duration; completion time from behavior
dyad-001	run-03	466.272727	20.000	6.600	12	coloring	egalitarian	easy	carrot	x-axis position and contact force	y-axis position and contact force	SNIRF trial-start marker; fixed 20-s task duration; completion time from behavior
dyad-001	run-03	504.636364	20.000	6.963	13	coloring	egalitarian	easy	carrot	x-axis position and contact force	y-axis position and contact force	SNIRF trial-start marker; fixed 20-s task duration; completion time from behavior
dyad-001	run-03	543.090909	20.000	5.361	14	coloring	egalitarian	easy	carrot	x-axis position and contact force	y-axis position and contact force	SNIRF trial-start marker; fixed 20-s task duration; completion time from behavior
dyad-001	run-03	581.454545	20.000	5.361	15	coloring	egalitarian	easy	carrot	x-axis position and contact force	y-axis position and contact force	SNIRF trial-start marker; fixed 20-s task duration; completion time from behavior
dyad-001	run-04	45.363636	20.000	9.152	1	coloring	egalitarian	hard	wave	x-axis position and contact force	y-axis position and contact force	SNIRF trial-start marker; fixed 20-s task duration; completion time from behavior
dyad-001	run-04	84.000000	20.000	9.152	2	coloring	egalitarian	hard	wave	x-axis position and contact force	y-axis position and contact force	SNIRF trial-start marker; fixed 20-s task duration; completion time from behavior
dyad-001	run-04	122.727273	20.000	11.768	3	coloring	egalitarian	hard	wave	x-axis position and contact force	y-axis position and contact force	SNIRF trial-start marker; fixed 20-s task duration; completion time from behavior
dyad-001	run-04	161.454545	20.000	12.383	4	coloring	egalitarian	hard	wave	x-axis position and contact force	y-axis position and contact force	SNIRF trial-start marker; fixed 20-s task duration; completion time from behavior
dyad-001	run-04	200.272727	20.000	11.467	5	coloring	egalitarian	hard	wave	x-axis position and contact force	y-axis position and contact force	SNIRF trial-start marker; fixed 20-s task duration; completion time from behavior
dyad-001	run-04	239.000000	20.000	11.467	6	coloring	egalitarian	hard	wave	x-axis position and contact force	y-axis position and contact force	SNIRF trial-start marker; fixed 20-s task duration; completion time from behavior
dyad-001	run-04	277.636364	20.000	10.953	7	coloring	egalitarian	hard	wave	x-axis position and contact force	y-axis position and contact force	SNIRF trial-start marker; fixed 20-s task duration; completion time from behavior
dyad-001	run-04	316.363636	20.000	10.004	8	coloring	egalitarian	hard	wave	x-axis position and contact force	y-axis position and contact force	SNIRF trial-start marker; fixed 20-s task duration; completion time from behavior
dyad-001	run-04	355.000000	20.000	10.004	9	coloring	egalitarian	hard	wave	x-axis position and contact force	y-axis position and contact force	SNIRF trial-start marker; fixed 20-s task duration; completion time from behavior
dyad-001	run-04	393.818182	20.000	11.235	10	coloring	egalitarian	hard	wave	x-axis position and contact force	y-axis position and contact force	SNIRF trial-start marker; fixed 20-s task duration; completion time from behavior
dyad-001	run-04	432.545455	20.000	10.145	11	coloring	egalitarian	hard	wave	x-axis position and contact force	y-axis position and contact force	SNIRF trial-start marker; fixed 20-s task duration; completion time from behavior
dyad-001	run-04	471.272727	20.000	11.112	12	coloring	egalitarian	hard	wave	x-axis position and contact force	y-axis position and contact force	SNIRF trial-start marker; fixed 20-s task duration; completion time from behavior
dyad-001	run-04	510.000000	20.000	11.112	13	coloring	egalitarian	hard	wave	x-axis position and contact force	y-axis position and contact force	SNIRF trial-start marker; fixed 20-s task duration; completion time from behavior
dyad-001	run-04	548.636364	20.000	10.201	14	coloring	egalitarian	hard	wave	x-axis position and contact force	y-axis position and contact force	SNIRF trial-start marker; fixed 20-s task duration; completion time from behavior
dyad-001	run-04	587.363636	20.000	10.201	15	coloring	egalitarian	hard	wave	x-axis position and contact force	y-axis position and contact force	SNIRF trial-start marker; fixed 20-s task duration; completion time from behavior
dyad-002	run-01	168.181818	20.000	7.869	1	coloring	leader-follower	easy	carrot	pattern-board pen position	applying-board contact force	SNIRF trial-start marker; fixed 20-s task duration; completion time from behavior
dyad-002	run-01	206.727273	20.000	9.938	2	coloring	leader-follower	easy	carrot	pattern-board pen position	applying-board contact force	SNIRF trial-start marker; fixed 20-s task duration; completion time from behavior
dyad-002	run-01	245.363636	20.000	7.396	3	coloring	leader-follower	easy	carrot	pattern-board pen position	applying-board contact force	SNIRF trial-start marker; fixed 20-s task duration; completion time from behavior
dyad-002	run-01	283.909091	20.000	8.088	4	coloring	leader-follower	easy	carrot	pattern-board pen position	applying-board contact force	SNIRF trial-start marker; fixed 20-s task duration; completion time from behavior
dyad-002	run-01	322.454545	20.000	6.881	5	coloring	leader-follower	easy	carrot	pattern-board pen position	applying-board contact force	SNIRF trial-start marker; fixed 20-s task duration; completion time from behavior
dyad-002	run-01	360.909091	20.000	7.299	6	coloring	leader-follower	easy	carrot	pattern-board pen position	applying-board contact force	SNIRF trial-start marker; fixed 20-s task duration; completion time from behavior
dyad-002	run-01	399.454545	20.000	6.154	7	coloring	leader-follower	easy	carrot	pattern-board pen position	applying-board contact force	SNIRF trial-start marker; fixed 20-s task duration; completion time from behavior
dyad-002	run-01	437.909091	20.000	6.721	8	coloring	leader-follower	easy	carrot	pattern-board pen position	applying-board contact force	SNIRF trial-start marker; fixed 20-s task duration; completion time from behavior
dyad-002	run-01	476.363636	20.000	6.611	9	coloring	leader-follower	easy	carrot	pattern-board pen position	applying-board contact force	SNIRF trial-start marker; fixed 20-s task duration; completion time from behavior
dyad-002	run-01	514.818182	20.000	7.088	10	coloring	leader-follower	easy	carrot	pattern-board pen position	applying-board contact force	SNIRF trial-start marker; fixed 20-s task duration; completion time from behavior
dyad-002	run-01	553.272727	20.000	7.549	11	coloring	leader-follower	easy	carrot	pattern-board pen position	applying-board contact force	SNIRF trial-start marker; fixed 20-s task duration; completion time from behavior
dyad-002	run-01	591.818182	20.000	7.621	12	coloring	leader-follower	easy	carrot	pattern-board pen position	applying-board contact force	SNIRF trial-start marker; fixed 20-s task duration; completion time from behavior
dyad-002	run-01	630.272727	20.000	8.292	13	coloring	leader-follower	easy	carrot	pattern-board pen position	applying-board contact force	SNIRF trial-start marker; fixed 20-s task duration; completion time from behavior
dyad-002	run-01	668.909091	20.000	8.457	14	coloring	leader-follower	easy	carrot	pattern-board pen position	applying-board contact force	SNIRF trial-start marker; fixed 20-s task duration; completion time from behavior
dyad-002	run-01	707.454545	20.000	6.844	15	coloring	leader-follower	easy	carrot	pattern-board pen position	applying-board contact force	SNIRF trial-start marker; fixed 20-s task duration; completion time from behavior
dyad-002	run-02	46.636364	20.000	9.503	1	coloring	leader-follower	hard	wave	pattern-board pen position	applying-board contact force	SNIRF trial-start marker; fixed 20-s task duration; completion time from behavior
dyad-002	run-02	85.272727	20.000	9.950	2	coloring	leader-follower	hard	wave	pattern-board pen position	applying-board contact force	SNIRF trial-start marker; fixed 20-s task duration; completion time from behavior
dyad-002	run-02	123.909091	20.000	9.310	3	coloring	leader-follower	hard	wave	pattern-board pen position	applying-board contact force	SNIRF trial-start marker; fixed 20-s task duration; completion time from behavior
dyad-002	run-02	162.454545	20.000	9.170	4	coloring	leader-follower	hard	wave	pattern-board pen position	applying-board contact force	SNIRF trial-start marker; fixed 20-s task duration; completion time from behavior
dyad-002	run-02	201.090909	20.000	8.652	5	coloring	leader-follower	hard	wave	pattern-board pen position	applying-board contact force	SNIRF trial-start marker; fixed 20-s task duration; completion time from behavior
dyad-002	run-02	239.636364	20.000	8.515	6	coloring	leader-follower	hard	wave	pattern-board pen position	applying-board contact force	SNIRF trial-start marker; fixed 20-s task duration; completion time from behavior
dyad-002	run-02	278.181818	20.000	7.456	7	coloring	leader-follower	hard	wave	pattern-board pen position	applying-board contact force	SNIRF trial-start marker; fixed 20-s task duration; completion time from behavior
dyad-002	run-02	316.727273	20.000	7.701	8	coloring	leader-follower	hard	wave	pattern-board pen position	applying-board contact force	SNIRF trial-start marker; fixed 20-s task duration; completion time from behavior
dyad-002	run-02	355.272727	20.000	8.173	9	coloring	leader-follower	hard	wave	pattern-board pen position	applying-board contact force	SNIRF trial-start marker; fixed 20-s task duration; completion time from behavior
dyad-002	run-02	393.727273	20.000	7.175	10	coloring	leader-follower	hard	wave	pattern-board pen position	applying-board contact force	SNIRF trial-start marker; fixed 20-s task duration; completion time from behavior
dyad-002	run-02	432.272727	20.000	7.146	11	coloring	leader-follower	hard	wave	pattern-board pen position	applying-board contact force	SNIRF trial-start marker; fixed 20-s task duration; completion time from behavior
dyad-002	run-02	470.727273	20.000	8.595	12	coloring	leader-follower	hard	wave	pattern-board pen position	applying-board contact force	SNIRF trial-start marker; fixed 20-s task duration; completion time from behavior
dyad-002	run-02	509.363636	20.000	9.657	13	coloring	leader-follower	hard	wave	pattern-board pen position	applying-board contact force	SNIRF trial-start marker; fixed 20-s task duration; completion time from behavior
dyad-002	run-02	548.000000	20.000	9.079	14	coloring	leader-follower	hard	wave	pattern-board pen position	applying-board contact force	SNIRF trial-start marker; fixed 20-s task duration; completion time from behavior
dyad-002	run-02	586.545455	20.000	7.723	15	coloring	leader-follower	hard	wave	pattern-board pen position	applying-board contact force	SNIRF trial-start marker; fixed 20-s task duration; completion time from behavior
dyad-002	run-03	32.636364	20.000	8.737	1	coloring	egalitarian	easy	carrot	x-axis position and contact force	y-axis position and contact force	SNIRF trial-start marker; fixed 20-s task duration; completion time from behavior
dyad-002	run-03	71.181818	20.000	7.706	2	coloring	egalitarian	easy	carrot	x-axis position and contact force	y-axis position and contact force	SNIRF trial-start marker; fixed 20-s task duration; completion time from behavior
dyad-002	run-03	109.727273	20.000	5.374	3	coloring	egalitarian	easy	carrot	x-axis position and contact force	y-axis position and contact force	SNIRF trial-start marker; fixed 20-s task duration; completion time from behavior
dyad-002	run-03	148.090909	20.000	5.162	4	coloring	egalitarian	easy	carrot	x-axis position and contact force	y-axis position and contact force	SNIRF trial-start marker; fixed 20-s task duration; completion time from behavior
dyad-002	run-03	186.454545	20.000	5.800	5	coloring	egalitarian	easy	carrot	x-axis position and contact force	y-axis position and contact force	SNIRF trial-start marker; fixed 20-s task duration; completion time from behavior
dyad-002	run-03	224.909091	20.000	6.568	6	coloring	egalitarian	easy	carrot	x-axis position and contact force	y-axis position and contact force	SNIRF trial-start marker; fixed 20-s task duration; completion time from behavior
dyad-002	run-03	263.272727	20.000	5.248	7	coloring	egalitarian	easy	carrot	x-axis position and contact force	y-axis position and contact force	SNIRF trial-start marker; fixed 20-s task duration; completion time from behavior
dyad-002	run-03	301.727273	20.000	4.930	8	coloring	egalitarian	easy	carrot	x-axis position and contact force	y-axis position and contact force	SNIRF trial-start marker; fixed 20-s task duration; completion time from behavior
dyad-002	run-03	340.090909	20.000	6.106	9	coloring	egalitarian	easy	carrot	x-axis position and contact force	y-axis position and contact force	SNIRF trial-start marker; fixed 20-s task duration; completion time from behavior
dyad-002	run-03	378.454545	20.000	5.524	10	coloring	egalitarian	easy	carrot	x-axis position and contact force	y-axis position and contact force	SNIRF trial-start marker; fixed 20-s task duration; completion time from behavior
dyad-002	run-03	416.909091	20.000	7.073	11	coloring	egalitarian	easy	carrot	x-axis position and contact force	y-axis position and contact force	SNIRF trial-start marker; fixed 20-s task duration; completion time from behavior
dyad-002	run-03	455.363636	20.000	7.284	12	coloring	egalitarian	easy	carrot	x-axis position and contact force	y-axis position and contact force	SNIRF trial-start marker; fixed 20-s task duration; completion time from behavior
dyad-002	run-03	493.909091	20.000	6.928	13	coloring	egalitarian	easy	carrot	x-axis position and contact force	y-axis position and contact force	SNIRF trial-start marker; fixed 20-s task duration; completion time from behavior
dyad-002	run-03	532.363636	20.000	5.601	14	coloring	egalitarian	easy	carrot	x-axis position and contact force	y-axis position and contact force	SNIRF trial-start marker; fixed 20-s task duration; completion time from behavior
dyad-002	run-03	570.818182	20.000	5.601	15	coloring	egalitarian	easy	carrot	x-axis position and contact force	y-axis position and contact force	SNIRF trial-start marker; fixed 20-s task duration; completion time from behavior
dyad-002	run-04	29.272727	20.000	10.086	1	coloring	egalitarian	hard	wave	x-axis position and contact force	y-axis position and contact force	SNIRF trial-start marker; fixed 20-s task duration; completion time from behavior
dyad-002	run-04	67.909091	20.000	9.085	2	coloring	egalitarian	hard	wave	x-axis position and contact force	y-axis position and contact force	SNIRF trial-start marker; fixed 20-s task duration; completion time from behavior
dyad-002	run-04	106.636364	20.000	10.444	3	coloring	egalitarian	hard	wave	x-axis position and contact force	y-axis position and contact force	SNIRF trial-start marker; fixed 20-s task duration; completion time from behavior
dyad-002	run-04	145.363636	20.000	9.131	4	coloring	egalitarian	hard	wave	x-axis position and contact force	y-axis position and contact force	SNIRF trial-start marker; fixed 20-s task duration; completion time from behavior
dyad-002	run-04	184.090909	20.000	10.107	5	coloring	egalitarian	hard	wave	x-axis position and contact force	y-axis position and contact force	SNIRF trial-start marker; fixed 20-s task duration; completion time from behavior
dyad-002	run-04	222.818182	20.000	9.371	6	coloring	egalitarian	hard	wave	x-axis position and contact force	y-axis position and contact force	SNIRF trial-start marker; fixed 20-s task duration; completion time from behavior
dyad-002	run-04	261.545455	20.000	8.174	7	coloring	egalitarian	hard	wave	x-axis position and contact force	y-axis position and contact force	SNIRF trial-start marker; fixed 20-s task duration; completion time from behavior
dyad-002	run-04	300.181818	20.000	8.441	8	coloring	egalitarian	hard	wave	x-axis position and contact force	y-axis position and contact force	SNIRF trial-start marker; fixed 20-s task duration; completion time from behavior
dyad-002	run-04	338.818182	20.000	7.958	9	coloring	egalitarian	hard	wave	x-axis position and contact force	y-axis position and contact force	SNIRF trial-start marker; fixed 20-s task duration; completion time from behavior
dyad-002	run-04	377.454545	20.000	8.041	10	coloring	egalitarian	hard	wave	x-axis position and contact force	y-axis position and contact force	SNIRF trial-start marker; fixed 20-s task duration; completion time from behavior
dyad-002	run-04	416.090909	20.000	8.351	11	coloring	egalitarian	hard	wave	x-axis position and contact force	y-axis position and contact force	SNIRF trial-start marker; fixed 20-s task duration; completion time from behavior
dyad-002	run-04	454.727273	20.000	8.377	12	coloring	egalitarian	hard	wave	x-axis position and contact force	y-axis position and contact force	SNIRF trial-start marker; fixed 20-s task duration; completion time from behavior
dyad-002	run-04	493.363636	20.000	9.242	13	coloring	egalitarian	hard	wave	x-axis position and contact force	y-axis position and contact force	SNIRF trial-start marker; fixed 20-s task duration; completion time from behavior
dyad-002	run-04	532.090909	20.000	9.812	14	coloring	egalitarian	hard	wave	x-axis position and contact force	y-axis position and contact force	SNIRF trial-start marker; fixed 20-s task duration; completion time from behavior
dyad-002	run-04	570.636364	20.000	9.920	15	coloring	egalitarian	hard	wave	x-axis position and contact force	y-axis position and contact force	SNIRF trial-start marker; fixed 20-s task duration; completion time from behavior
dyad-003	run-01	58.909091	20.000	9.031	1	coloring	leader-follower	easy	carrot	pattern-board pen position	applying-board contact force	SNIRF trial-start marker; fixed 20-s task duration; completion time from behavior
dyad-003	run-01	97.545455	20.000	12.834	2	coloring	leader-follower	easy	carrot	pattern-board pen position	applying-board contact force	SNIRF trial-start marker; fixed 20-s task duration; completion time from behavior
dyad-003	run-01	136.363636	20.000	8.266	3	coloring	leader-follower	easy	carrot	pattern-board pen position	applying-board contact force	SNIRF trial-start marker; fixed 20-s task duration; completion time from behavior
dyad-003	run-01	174.909091	20.000	7.960	4	coloring	leader-follower	easy	carrot	pattern-board pen position	applying-board contact force	SNIRF trial-start marker; fixed 20-s task duration; completion time from behavior
dyad-003	run-01	213.363636	20.000	8.386	5	coloring	leader-follower	easy	carrot	pattern-board pen position	applying-board contact force	SNIRF trial-start marker; fixed 20-s task duration; completion time from behavior
dyad-003	run-01	251.909091	20.000	7.223	6	coloring	leader-follower	easy	carrot	pattern-board pen position	applying-board contact force	SNIRF trial-start marker; fixed 20-s task duration; completion time from behavior
dyad-003	run-01	290.454545	20.000	6.542	7	coloring	leader-follower	easy	carrot	pattern-board pen position	applying-board contact force	SNIRF trial-start marker; fixed 20-s task duration; completion time from behavior
dyad-003	run-01	328.909091	20.000	7.460	8	coloring	leader-follower	easy	carrot	pattern-board pen position	applying-board contact force	SNIRF trial-start marker; fixed 20-s task duration; completion time from behavior
dyad-003	run-01	367.363636	20.000	7.552	9	coloring	leader-follower	easy	carrot	pattern-board pen position	applying-board contact force	SNIRF trial-start marker; fixed 20-s task duration; completion time from behavior
dyad-003	run-01	405.909091	20.000	7.730	10	coloring	leader-follower	easy	carrot	pattern-board pen position	applying-board contact force	SNIRF trial-start marker; fixed 20-s task duration; completion time from behavior
dyad-003	run-01	444.363636	20.000	7.632	11	coloring	leader-follower	easy	carrot	pattern-board pen position	applying-board contact force	SNIRF trial-start marker; fixed 20-s task duration; completion time from behavior
dyad-003	run-01	482.909091	20.000	7.316	12	coloring	leader-follower	easy	carrot	pattern-board pen position	applying-board contact force	SNIRF trial-start marker; fixed 20-s task duration; completion time from behavior
dyad-003	run-01	521.363636	20.000	8.327	13	coloring	leader-follower	easy	carrot	pattern-board pen position	applying-board contact force	SNIRF trial-start marker; fixed 20-s task duration; completion time from behavior
dyad-003	run-01	559.909091	20.000	8.327	14	coloring	leader-follower	easy	carrot	pattern-board pen position	applying-board contact force	SNIRF trial-start marker; fixed 20-s task duration; completion time from behavior
dyad-003	run-01	598.363636	20.000	8.073	15	coloring	leader-follower	easy	carrot	pattern-board pen position	applying-board contact force	SNIRF trial-start marker; fixed 20-s task duration; completion time from behavior
dyad-003	run-02	36.363636	20.000	9.271	1	coloring	leader-follower	hard	wave	pattern-board pen position	applying-board contact force	SNIRF trial-start marker; fixed 20-s task duration; completion time from behavior
dyad-003	run-02	75.000000	20.000	11.326	2	coloring	leader-follower	hard	wave	pattern-board pen position	applying-board contact force	SNIRF trial-start marker; fixed 20-s task duration; completion time from behavior
dyad-003	run-02	113.727273	20.000	10.262	3	coloring	leader-follower	hard	wave	pattern-board pen position	applying-board contact force	SNIRF trial-start marker; fixed 20-s task duration; completion time from behavior
dyad-003	run-02	152.454545	20.000	8.778	4	coloring	leader-follower	hard	wave	pattern-board pen position	applying-board contact force	SNIRF trial-start marker; fixed 20-s task duration; completion time from behavior
dyad-003	run-02	191.090909	20.000	10.611	5	coloring	leader-follower	hard	wave	pattern-board pen position	applying-board contact force	SNIRF trial-start marker; fixed 20-s task duration; completion time from behavior
dyad-003	run-02	229.727273	20.000	10.240	6	coloring	leader-follower	hard	wave	pattern-board pen position	applying-board contact force	SNIRF trial-start marker; fixed 20-s task duration; completion time from behavior
dyad-003	run-02	268.454545	20.000	9.163	7	coloring	leader-follower	hard	wave	pattern-board pen position	applying-board contact force	SNIRF trial-start marker; fixed 20-s task duration; completion time from behavior
dyad-003	run-02	307.000000	20.000	9.220	8	coloring	leader-follower	hard	wave	pattern-board pen position	applying-board contact force	SNIRF trial-start marker; fixed 20-s task duration; completion time from behavior
dyad-003	run-02	345.636364	20.000	7.901	9	coloring	leader-follower	hard	wave	pattern-board pen position	applying-board contact force	SNIRF trial-start marker; fixed 20-s task duration; completion time from behavior
dyad-003	run-02	384.181818	20.000	7.871	10	coloring	leader-follower	hard	wave	pattern-board pen position	applying-board contact force	SNIRF trial-start marker; fixed 20-s task duration; completion time from behavior
dyad-003	run-02	422.727273	20.000	9.457	11	coloring	leader-follower	hard	wave	pattern-board pen position	applying-board contact force	SNIRF trial-start marker; fixed 20-s task duration; completion time from behavior
dyad-003	run-02	461.363636	20.000	9.497	12	coloring	leader-follower	hard	wave	pattern-board pen position	applying-board contact force	SNIRF trial-start marker; fixed 20-s task duration; completion time from behavior
dyad-003	run-02	499.909091	20.000	9.919	13	coloring	leader-follower	hard	wave	pattern-board pen position	applying-board contact force	SNIRF trial-start marker; fixed 20-s task duration; completion time from behavior
dyad-003	run-02	538.545455	20.000	9.919	14	coloring	leader-follower	hard	wave	pattern-board pen position	applying-board contact force	SNIRF trial-start marker; fixed 20-s task duration; completion time from behavior
dyad-003	run-02	577.181818	20.000	10.922	15	coloring	leader-follower	hard	wave	pattern-board pen position	applying-board contact force	SNIRF trial-start marker; fixed 20-s task duration; completion time from behavior
dyad-003	run-03	70.545455	20.000	6.430	1	coloring	egalitarian	easy	carrot	x-axis position and contact force	y-axis position and contact force	SNIRF trial-start marker; fixed 20-s task duration; completion time from behavior
dyad-003	run-03	109.000000	20.000	6.154	2	coloring	egalitarian	easy	carrot	x-axis position and contact force	y-axis position and contact force	SNIRF trial-start marker; fixed 20-s task duration; completion time from behavior
dyad-003	run-03	147.454545	20.000	6.154	3	coloring	egalitarian	easy	carrot	x-axis position and contact force	y-axis position and contact force	SNIRF trial-start marker; fixed 20-s task duration; completion time from behavior
dyad-003	run-03	185.909091	20.000	7.446	4	coloring	egalitarian	easy	carrot	x-axis position and contact force	y-axis position and contact force	SNIRF trial-start marker; fixed 20-s task duration; completion time from behavior
dyad-003	run-03	224.454545	20.000	6.459	5	coloring	egalitarian	easy	carrot	x-axis position and contact force	y-axis position and contact force	SNIRF trial-start marker; fixed 20-s task duration; completion time from behavior
dyad-003	run-03	263.000000	20.000	7.126	6	coloring	egalitarian	easy	carrot	x-axis position and contact force	y-axis position and contact force	SNIRF trial-start marker; fixed 20-s task duration; completion time from behavior
dyad-003	run-03	301.454545	20.000	6.731	7	coloring	egalitarian	easy	carrot	x-axis position and contact force	y-axis position and contact force	SNIRF trial-start marker; fixed 20-s task duration; completion time from behavior
dyad-003	run-03	340.000000	20.000	7.954	8	coloring	egalitarian	easy	carrot	x-axis position and contact force	y-axis position and contact force	SNIRF trial-start marker; fixed 20-s task duration; completion time from behavior
dyad-003	run-03	378.545455	20.000	7.334	9	coloring	egalitarian	easy	carrot	x-axis position and contact force	y-axis position and contact force	SNIRF trial-start marker; fixed 20-s task duration; completion time from behavior
dyad-003	run-03	417.090909	20.000	7.286	10	coloring	egalitarian	easy	carrot	x-axis position and contact force	y-axis position and contact force	SNIRF trial-start marker; fixed 20-s task duration; completion time from behavior
dyad-003	run-03	455.636364	20.000	7.286	11	coloring	egalitarian	easy	carrot	x-axis position and contact force	y-axis position and contact force	SNIRF trial-start marker; fixed 20-s task duration; completion time from behavior
dyad-003	run-03	494.090909	20.000	6.464	12	coloring	egalitarian	easy	carrot	x-axis position and contact force	y-axis position and contact force	SNIRF trial-start marker; fixed 20-s task duration; completion time from behavior
dyad-003	run-03	532.545455	20.000	7.405	13	coloring	egalitarian	easy	carrot	x-axis position and contact force	y-axis position and contact force	SNIRF trial-start marker; fixed 20-s task duration; completion time from behavior
dyad-003	run-03	571.090909	20.000	8.533	14	coloring	egalitarian	easy	carrot	x-axis position and contact force	y-axis position and contact force	SNIRF trial-start marker; fixed 20-s task duration; completion time from behavior
dyad-003	run-03	609.636364	20.000	7.145	15	coloring	egalitarian	easy	carrot	x-axis position and contact force	y-axis position and contact force	SNIRF trial-start marker; fixed 20-s task duration; completion time from behavior
dyad-003	run-04	31.818182	20.000	7.010	1	coloring	egalitarian	hard	wave	x-axis position and contact force	y-axis position and contact force	SNIRF trial-start marker; fixed 20-s task duration; completion time from behavior
dyad-003	run-04	70.454545	20.000	9.334	2	coloring	egalitarian	hard	wave	x-axis position and contact force	y-axis position and contact force	SNIRF trial-start marker; fixed 20-s task duration; completion time from behavior
dyad-003	run-04	109.181818	20.000	8.348	3	coloring	egalitarian	hard	wave	x-axis position and contact force	y-axis position and contact force	SNIRF trial-start marker; fixed 20-s task duration; completion time from behavior
dyad-003	run-04	147.818182	20.000	8.191	4	coloring	egalitarian	hard	wave	x-axis position and contact force	y-axis position and contact force	SNIRF trial-start marker; fixed 20-s task duration; completion time from behavior
dyad-003	run-04	186.454545	20.000	11.033	5	coloring	egalitarian	hard	wave	x-axis position and contact force	y-axis position and contact force	SNIRF trial-start marker; fixed 20-s task duration; completion time from behavior
dyad-003	run-04	225.363636	20.000	10.056	6	coloring	egalitarian	hard	wave	x-axis position and contact force	y-axis position and contact force	SNIRF trial-start marker; fixed 20-s task duration; completion time from behavior
dyad-003	run-04	264.090909	20.000	15.267	7	coloring	egalitarian	hard	wave	x-axis position and contact force	y-axis position and contact force	SNIRF trial-start marker; fixed 20-s task duration; completion time from behavior
dyad-003	run-04	303.181818	20.000	10.617	8	coloring	egalitarian	hard	wave	x-axis position and contact force	y-axis position and contact force	SNIRF trial-start marker; fixed 20-s task duration; completion time from behavior
dyad-003	run-04	341.909091	20.000	10.657	9	coloring	egalitarian	hard	wave	x-axis position and contact force	y-axis position and contact force	SNIRF trial-start marker; fixed 20-s task duration; completion time from behavior
dyad-003	run-04	380.727273	20.000	10.718	10	coloring	egalitarian	hard	wave	x-axis position and contact force	y-axis position and contact force	SNIRF trial-start marker; fixed 20-s task duration; completion time from behavior
dyad-003	run-04	419.454545	20.000	11.191	11	coloring	egalitarian	hard	wave	x-axis position and contact force	y-axis position and contact force	SNIRF trial-start marker; fixed 20-s task duration; completion time from behavior
dyad-003	run-04	458.272727	20.000	13.154	12	coloring	egalitarian	hard	wave	x-axis position and contact force	y-axis position and contact force	SNIRF trial-start marker; fixed 20-s task duration; completion time from behavior
dyad-003	run-04	497.272727	20.000	13.800	13	coloring	egalitarian	hard	wave	x-axis position and contact force	y-axis position and contact force	SNIRF trial-start marker; fixed 20-s task duration; completion time from behavior
dyad-003	run-04	536.272727	20.000	16.653	14	coloring	egalitarian	hard	wave	x-axis position and contact force	y-axis position and contact force	SNIRF trial-start marker; fixed 20-s task duration; completion time from behavior
dyad-003	run-04	575.454545	20.000	11.292	15	coloring	egalitarian	hard	wave	x-axis position and contact force	y-axis position and contact force	SNIRF trial-start marker; fixed 20-s task duration; completion time from behavior
dyad-004	run-01	10.090909	20.000	5.576	1	coloring	leader-follower	easy	carrot	pattern-board pen position	applying-board contact force	SNIRF trial-start marker; fixed 20-s task duration; completion time from behavior
dyad-004	run-01	48.454545	20.000	8.303	2	coloring	leader-follower	easy	carrot	pattern-board pen position	applying-board contact force	SNIRF trial-start marker; fixed 20-s task duration; completion time from behavior
dyad-004	run-01	87.000000	20.000	7.172	3	coloring	leader-follower	easy	carrot	pattern-board pen position	applying-board contact force	SNIRF trial-start marker; fixed 20-s task duration; completion time from behavior
dyad-004	run-01	125.454545	20.000	6.557	4	coloring	leader-follower	easy	carrot	pattern-board pen position	applying-board contact force	SNIRF trial-start marker; fixed 20-s task duration; completion time from behavior
dyad-004	run-01	163.909091	20.000	7.002	5	coloring	leader-follower	easy	carrot	pattern-board pen position	applying-board contact force	SNIRF trial-start marker; fixed 20-s task duration; completion time from behavior
dyad-004	run-01	202.363636	20.000	7.520	6	coloring	leader-follower	easy	carrot	pattern-board pen position	applying-board contact force	SNIRF trial-start marker; fixed 20-s task duration; completion time from behavior
dyad-004	run-01	240.818182	20.000	7.354	7	coloring	leader-follower	easy	carrot	pattern-board pen position	applying-board contact force	SNIRF trial-start marker; fixed 20-s task duration; completion time from behavior
dyad-004	run-01	279.363636	20.000	6.762	8	coloring	leader-follower	easy	carrot	pattern-board pen position	applying-board contact force	SNIRF trial-start marker; fixed 20-s task duration; completion time from behavior
dyad-004	run-01	317.818182	20.000	7.467	9	coloring	leader-follower	easy	carrot	pattern-board pen position	applying-board contact force	SNIRF trial-start marker; fixed 20-s task duration; completion time from behavior
dyad-004	run-01	356.272727	20.000	5.733	10	coloring	leader-follower	easy	carrot	pattern-board pen position	applying-board contact force	SNIRF trial-start marker; fixed 20-s task duration; completion time from behavior
dyad-004	run-01	394.636364	20.000	5.882	11	coloring	leader-follower	easy	carrot	pattern-board pen position	applying-board contact force	SNIRF trial-start marker; fixed 20-s task duration; completion time from behavior
dyad-004	run-01	433.000000	20.000	6.200	12	coloring	leader-follower	easy	carrot	pattern-board pen position	applying-board contact force	SNIRF trial-start marker; fixed 20-s task duration; completion time from behavior
dyad-004	run-01	471.454545	20.000	6.941	13	coloring	leader-follower	easy	carrot	pattern-board pen position	applying-board contact force	SNIRF trial-start marker; fixed 20-s task duration; completion time from behavior
dyad-004	run-01	509.818182	20.000	5.966	14	coloring	leader-follower	easy	carrot	pattern-board pen position	applying-board contact force	SNIRF trial-start marker; fixed 20-s task duration; completion time from behavior
dyad-004	run-01	548.272727	20.000	5.246	15	coloring	leader-follower	easy	carrot	pattern-board pen position	applying-board contact force	SNIRF trial-start marker; fixed 20-s task duration; completion time from behavior
dyad-004	run-02	26.909091	20.000	6.284	1	coloring	leader-follower	hard	wave	pattern-board pen position	applying-board contact force	SNIRF trial-start marker; fixed 20-s task duration; completion time from behavior
dyad-004	run-02	65.363636	20.000	7.819	2	coloring	leader-follower	hard	wave	pattern-board pen position	applying-board contact force	SNIRF trial-start marker; fixed 20-s task duration; completion time from behavior
dyad-004	run-02	103.818182	20.000	8.173	3	coloring	leader-follower	hard	wave	pattern-board pen position	applying-board contact force	SNIRF trial-start marker; fixed 20-s task duration; completion time from behavior
dyad-004	run-02	142.363636	20.000	7.627	4	coloring	leader-follower	hard	wave	pattern-board pen position	applying-board contact force	SNIRF trial-start marker; fixed 20-s task duration; completion time from behavior
dyad-004	run-02	180.909091	20.000	6.987	5	coloring	leader-follower	hard	wave	pattern-board pen position	applying-board contact force	SNIRF trial-start marker; fixed 20-s task duration; completion time from behavior
dyad-004	run-02	219.545455	20.000	6.966	6	coloring	leader-follower	hard	wave	pattern-board pen position	applying-board contact force	SNIRF trial-start marker; fixed 20-s task duration; completion time from behavior
dyad-004	run-02	258.000000	20.000	7.936	7	coloring	leader-follower	hard	wave	pattern-board pen position	applying-board contact force	SNIRF trial-start marker; fixed 20-s task duration; completion time from behavior
dyad-004	run-02	296.545455	20.000	7.949	8	coloring	leader-follower	hard	wave	pattern-board pen position	applying-board contact force	SNIRF trial-start marker; fixed 20-s task duration; completion time from behavior
dyad-004	run-02	335.090909	20.000	7.920	9	coloring	leader-follower	hard	wave	pattern-board pen position	applying-board contact force	SNIRF trial-start marker; fixed 20-s task duration; completion time from behavior
dyad-004	run-02	373.636364	20.000	10.273	10	coloring	leader-follower	hard	wave	pattern-board pen position	applying-board contact force	SNIRF trial-start marker; fixed 20-s task duration; completion time from behavior
dyad-004	run-02	412.363636	20.000	7.753	11	coloring	leader-follower	hard	wave	pattern-board pen position	applying-board contact force	SNIRF trial-start marker; fixed 20-s task duration; completion time from behavior
dyad-004	run-02	450.909091	20.000	10.840	12	coloring	leader-follower	hard	wave	pattern-board pen position	applying-board contact force	SNIRF trial-start marker; fixed 20-s task duration; completion time from behavior
dyad-004	run-02	489.545455	20.000	9.188	13	coloring	leader-follower	hard	wave	pattern-board pen position	applying-board contact force	SNIRF trial-start marker; fixed 20-s task duration; completion time from behavior
dyad-004	run-02	528.181818	20.000	10.198	14	coloring	leader-follower	hard	wave	pattern-board pen position	applying-board contact force	SNIRF trial-start marker; fixed 20-s task duration; completion time from behavior
dyad-004	run-02	566.818182	20.000	7.933	15	coloring	leader-follower	hard	wave	pattern-board pen position	applying-board contact force	SNIRF trial-start marker; fixed 20-s task duration; completion time from behavior
dyad-004	run-03	112.000000	20.000	7.448	1	coloring	egalitarian	easy	carrot	x-axis position and contact force	y-axis position and contact force	SNIRF trial-start marker; fixed 20-s task duration; completion time from behavior
dyad-004	run-03	150.636364	20.000	7.448	2	coloring	egalitarian	easy	carrot	x-axis position and contact force	y-axis position and contact force	SNIRF trial-start marker; fixed 20-s task duration; completion time from behavior
dyad-004	run-03	189.090909	20.000	7.448	3	coloring	egalitarian	easy	carrot	x-axis position and contact force	y-axis position and contact force	SNIRF trial-start marker; fixed 20-s task duration; completion time from behavior
dyad-004	run-03	227.727273	20.000	7.670	4	coloring	egalitarian	easy	carrot	x-axis position and contact force	y-axis position and contact force	SNIRF trial-start marker; fixed 20-s task duration; completion time from behavior
dyad-004	run-03	266.181818	20.000	8.440	5	coloring	egalitarian	easy	carrot	x-axis position and contact force	y-axis position and contact force	SNIRF trial-start marker; fixed 20-s task duration; completion time from behavior
dyad-004	run-03	304.727273	20.000	9.176	6	coloring	egalitarian	easy	carrot	x-axis position and contact force	y-axis position and contact force	SNIRF trial-start marker; fixed 20-s task duration; completion time from behavior
dyad-004	run-03	343.363636	20.000	7.840	7	coloring	egalitarian	easy	carrot	x-axis position and contact force	y-axis position and contact force	SNIRF trial-start marker; fixed 20-s task duration; completion time from behavior
dyad-004	run-03	381.909091	20.000	7.752	8	coloring	egalitarian	easy	carrot	x-axis position and contact force	y-axis position and contact force	SNIRF trial-start marker; fixed 20-s task duration; completion time from behavior
dyad-004	run-03	420.363636	20.000	8.502	9	coloring	egalitarian	easy	carrot	x-axis position and contact force	y-axis position and contact force	SNIRF trial-start marker; fixed 20-s task duration; completion time from behavior
dyad-004	run-03	458.909091	20.000	8.502	10	coloring	egalitarian	easy	carrot	x-axis position and contact force	y-axis position and contact force	SNIRF trial-start marker; fixed 20-s task duration; completion time from behavior
dyad-004	run-03	497.363636	20.000	7.061	11	coloring	egalitarian	easy	carrot	x-axis position and contact force	y-axis position and contact force	SNIRF trial-start marker; fixed 20-s task duration; completion time from behavior
dyad-004	run-03	535.818182	20.000	7.088	12	coloring	egalitarian	easy	carrot	x-axis position and contact force	y-axis position and contact force	SNIRF trial-start marker; fixed 20-s task duration; completion time from behavior
dyad-004	run-03	574.363636	20.000	7.085	13	coloring	egalitarian	easy	carrot	x-axis position and contact force	y-axis position and contact force	SNIRF trial-start marker; fixed 20-s task duration; completion time from behavior
dyad-004	run-03	612.818182	20.000	7.244	14	coloring	egalitarian	easy	carrot	x-axis position and contact force	y-axis position and contact force	SNIRF trial-start marker; fixed 20-s task duration; completion time from behavior
dyad-004	run-03	651.272727	20.000	5.184	15	coloring	egalitarian	easy	carrot	x-axis position and contact force	y-axis position and contact force	SNIRF trial-start marker; fixed 20-s task duration; completion time from behavior
dyad-004	run-04	18.363636	20.000	8.429	1	coloring	egalitarian	hard	wave	x-axis position and contact force	y-axis position and contact force	SNIRF trial-start marker; fixed 20-s task duration; completion time from behavior
dyad-004	run-04	57.181818	20.000	9.100	2	coloring	egalitarian	hard	wave	x-axis position and contact force	y-axis position and contact force	SNIRF trial-start marker; fixed 20-s task duration; completion time from behavior
dyad-004	run-04	95.818182	20.000	10.170	3	coloring	egalitarian	hard	wave	x-axis position and contact force	y-axis position and contact force	SNIRF trial-start marker; fixed 20-s task duration; completion time from behavior
dyad-004	run-04	135.090909	20.000	8.996	4	coloring	egalitarian	hard	wave	x-axis position and contact force	y-axis position and contact force	SNIRF trial-start marker; fixed 20-s task duration; completion time from behavior
dyad-004	run-04	174.181818	20.000	9.728	5	coloring	egalitarian	hard	wave	x-axis position and contact force	y-axis position and contact force	SNIRF trial-start marker; fixed 20-s task duration; completion time from behavior
dyad-004	run-04	213.363636	20.000	8.869	6	coloring	egalitarian	hard	wave	x-axis position and contact force	y-axis position and contact force	SNIRF trial-start marker; fixed 20-s task duration; completion time from behavior
dyad-004	run-04	252.181818	20.000	8.661	7	coloring	egalitarian	hard	wave	x-axis position and contact force	y-axis position and contact force	SNIRF trial-start marker; fixed 20-s task duration; completion time from behavior
dyad-004	run-04	291.272727	20.000	8.648	8	coloring	egalitarian	hard	wave	x-axis position and contact force	y-axis position and contact force	SNIRF trial-start marker; fixed 20-s task duration; completion time from behavior
dyad-004	run-04	330.363636	20.000	7.439	9	coloring	egalitarian	hard	wave	x-axis position and contact force	y-axis position and contact force	SNIRF trial-start marker; fixed 20-s task duration; completion time from behavior
dyad-004	run-04	369.272727	20.000	8.175	10	coloring	egalitarian	hard	wave	x-axis position and contact force	y-axis position and contact force	SNIRF trial-start marker; fixed 20-s task duration; completion time from behavior
dyad-004	run-04	408.272727	20.000	6.706	11	coloring	egalitarian	hard	wave	x-axis position and contact force	y-axis position and contact force	SNIRF trial-start marker; fixed 20-s task duration; completion time from behavior
dyad-004	run-04	447.090909	20.000	8.076	12	coloring	egalitarian	hard	wave	x-axis position and contact force	y-axis position and contact force	SNIRF trial-start marker; fixed 20-s task duration; completion time from behavior
dyad-004	run-04	486.090909	20.000	7.306	13	coloring	egalitarian	hard	wave	x-axis position and contact force	y-axis position and contact force	SNIRF trial-start marker; fixed 20-s task duration; completion time from behavior
dyad-004	run-04	525.090909	20.000	8.430	14	coloring	egalitarian	hard	wave	x-axis position and contact force	y-axis position and contact force	SNIRF trial-start marker; fixed 20-s task duration; completion time from behavior
dyad-004	run-04	564.090909	20.000	7.823	15	coloring	egalitarian	hard	wave	x-axis position and contact force	y-axis position and contact force	SNIRF trial-start marker; fixed 20-s task duration; completion time from behavior
dyad-005	run-01	27.181818	20.000	7.736	1	coloring	leader-follower	easy	carrot	pattern-board pen position	applying-board contact force	SNIRF trial-start marker; fixed 20-s task duration; completion time from behavior
dyad-005	run-01	65.727273	20.000	7.131	2	coloring	leader-follower	easy	carrot	pattern-board pen position	applying-board contact force	SNIRF trial-start marker; fixed 20-s task duration; completion time from behavior
dyad-005	run-01	104.272727	20.000	6.459	3	coloring	leader-follower	easy	carrot	pattern-board pen position	applying-board contact force	SNIRF trial-start marker; fixed 20-s task duration; completion time from behavior
dyad-005	run-01	142.818182	20.000	6.647	4	coloring	leader-follower	easy	carrot	pattern-board pen position	applying-board contact force	SNIRF trial-start marker; fixed 20-s task duration; completion time from behavior
dyad-005	run-01	181.272727	20.000	6.224	5	coloring	leader-follower	easy	carrot	pattern-board pen position	applying-board contact force	SNIRF trial-start marker; fixed 20-s task duration; completion time from behavior
dyad-005	run-01	219.727273	20.000	6.219	6	coloring	leader-follower	easy	carrot	pattern-board pen position	applying-board contact force	SNIRF trial-start marker; fixed 20-s task duration; completion time from behavior
dyad-005	run-01	258.272727	20.000	6.032	7	coloring	leader-follower	easy	carrot	pattern-board pen position	applying-board contact force	SNIRF trial-start marker; fixed 20-s task duration; completion time from behavior
dyad-005	run-01	296.727273	20.000	6.511	8	coloring	leader-follower	easy	carrot	pattern-board pen position	applying-board contact force	SNIRF trial-start marker; fixed 20-s task duration; completion time from behavior
dyad-005	run-01	335.272727	20.000	5.699	9	coloring	leader-follower	easy	carrot	pattern-board pen position	applying-board contact force	SNIRF trial-start marker; fixed 20-s task duration; completion time from behavior
dyad-005	run-01	373.727273	20.000	5.276	10	coloring	leader-follower	easy	carrot	pattern-board pen position	applying-board contact force	SNIRF trial-start marker; fixed 20-s task duration; completion time from behavior
dyad-005	run-01	412.181818	20.000	5.910	11	coloring	leader-follower	easy	carrot	pattern-board pen position	applying-board contact force	SNIRF trial-start marker; fixed 20-s task duration; completion time from behavior
dyad-005	run-01	450.727273	20.000	5.937	12	coloring	leader-follower	easy	carrot	pattern-board pen position	applying-board contact force	SNIRF trial-start marker; fixed 20-s task duration; completion time from behavior
dyad-005	run-01	489.181818	20.000	5.936	13	coloring	leader-follower	easy	carrot	pattern-board pen position	applying-board contact force	SNIRF trial-start marker; fixed 20-s task duration; completion time from behavior
dyad-005	run-01	527.636364	20.000	5.985	14	coloring	leader-follower	easy	carrot	pattern-board pen position	applying-board contact force	SNIRF trial-start marker; fixed 20-s task duration; completion time from behavior
dyad-005	run-01	566.090909	20.000	5.953	15	coloring	leader-follower	easy	carrot	pattern-board pen position	applying-board contact force	SNIRF trial-start marker; fixed 20-s task duration; completion time from behavior
dyad-005	run-02	60.636364	20.000	7.929	1	coloring	leader-follower	hard	wave	pattern-board pen position	applying-board contact force	SNIRF trial-start marker; fixed 20-s task duration; completion time from behavior
dyad-005	run-02	99.181818	20.000	10.174	2	coloring	leader-follower	hard	wave	pattern-board pen position	applying-board contact force	SNIRF trial-start marker; fixed 20-s task duration; completion time from behavior
dyad-005	run-02	137.818182	20.000	8.236	3	coloring	leader-follower	hard	wave	pattern-board pen position	applying-board contact force	SNIRF trial-start marker; fixed 20-s task duration; completion time from behavior
dyad-005	run-02	176.363636	20.000	8.250	4	coloring	leader-follower	hard	wave	pattern-board pen position	applying-board contact force	SNIRF trial-start marker; fixed 20-s task duration; completion time from behavior
dyad-005	run-02	214.909091	20.000	7.820	5	coloring	leader-follower	hard	wave	pattern-board pen position	applying-board contact force	SNIRF trial-start marker; fixed 20-s task duration; completion time from behavior
dyad-005	run-02	253.454545	20.000	7.899	6	coloring	leader-follower	hard	wave	pattern-board pen position	applying-board contact force	SNIRF trial-start marker; fixed 20-s task duration; completion time from behavior
dyad-005	run-02	292.000000	20.000	5.985	7	coloring	leader-follower	hard	wave	pattern-board pen position	applying-board contact force	SNIRF trial-start marker; fixed 20-s task duration; completion time from behavior
dyad-005	run-02	330.363636	20.000	9.488	8	coloring	leader-follower	hard	wave	pattern-board pen position	applying-board contact force	SNIRF trial-start marker; fixed 20-s task duration; completion time from behavior
dyad-005	run-02	369.000000	20.000	8.496	9	coloring	leader-follower	hard	wave	pattern-board pen position	applying-board contact force	SNIRF trial-start marker; fixed 20-s task duration; completion time from behavior
dyad-005	run-02	407.545455	20.000	8.350	10	coloring	leader-follower	hard	wave	pattern-board pen position	applying-board contact force	SNIRF trial-start marker; fixed 20-s task duration; completion time from behavior
dyad-005	run-02	446.090909	20.000	7.430	11	coloring	leader-follower	hard	wave	pattern-board pen position	applying-board contact force	SNIRF trial-start marker; fixed 20-s task duration; completion time from behavior
dyad-005	run-02	484.545455	20.000	7.544	12	coloring	leader-follower	hard	wave	pattern-board pen position	applying-board contact force	SNIRF trial-start marker; fixed 20-s task duration; completion time from behavior
dyad-005	run-02	523.000000	20.000	8.730	13	coloring	leader-follower	hard	wave	pattern-board pen position	applying-board contact force	SNIRF trial-start marker; fixed 20-s task duration; completion time from behavior
dyad-005	run-02	561.545455	20.000	10.206	14	coloring	leader-follower	hard	wave	pattern-board pen position	applying-board contact force	SNIRF trial-start marker; fixed 20-s task duration; completion time from behavior
dyad-005	run-02	600.181818	20.000	9.761	15	coloring	leader-follower	hard	wave	pattern-board pen position	applying-board contact force	SNIRF trial-start marker; fixed 20-s task duration; completion time from behavior
dyad-005	run-03	43.909091	20.000	8.378	1	coloring	egalitarian	easy	carrot	x-axis position and contact force	y-axis position and contact force	SNIRF trial-start marker; fixed 20-s task duration; completion time from behavior
dyad-005	run-03	82.545455	20.000	10.130	2	coloring	egalitarian	easy	carrot	x-axis position and contact force	y-axis position and contact force	SNIRF trial-start marker; fixed 20-s task duration; completion time from behavior
dyad-005	run-03	121.181818	20.000	8.408	3	coloring	egalitarian	easy	carrot	x-axis position and contact force	y-axis position and contact force	SNIRF trial-start marker; fixed 20-s task duration; completion time from behavior
dyad-005	run-03	159.727273	20.000	8.103	4	coloring	egalitarian	easy	carrot	x-axis position and contact force	y-axis position and contact force	SNIRF trial-start marker; fixed 20-s task duration; completion time from behavior
dyad-005	run-03	198.272727	20.000	8.103	5	coloring	egalitarian	easy	carrot	x-axis position and contact force	y-axis position and contact force	SNIRF trial-start marker; fixed 20-s task duration; completion time from behavior
dyad-005	run-03	236.727273	20.000	9.913	6	coloring	egalitarian	easy	carrot	x-axis position and contact force	y-axis position and contact force	SNIRF trial-start marker; fixed 20-s task duration; completion time from behavior
dyad-005	run-03	275.454545	20.000	7.397	7	coloring	egalitarian	easy	carrot	x-axis position and contact force	y-axis position and contact force	SNIRF trial-start marker; fixed 20-s task duration; completion time from behavior
dyad-005	run-03	314.000000	20.000	6.491	8	coloring	egalitarian	easy	carrot	x-axis position and contact force	y-axis position and contact force	SNIRF trial-start marker; fixed 20-s task duration; completion time from behavior
dyad-005	run-03	352.454545	20.000	6.669	9	coloring	egalitarian	easy	carrot	x-axis position and contact force	y-axis position and contact force	SNIRF trial-start marker; fixed 20-s task duration; completion time from behavior
dyad-005	run-03	390.909091	20.000	5.646	10	coloring	egalitarian	easy	carrot	x-axis position and contact force	y-axis position and contact force	SNIRF trial-start marker; fixed 20-s task duration; completion time from behavior
dyad-005	run-03	429.272727	20.000	7.404	11	coloring	egalitarian	easy	carrot	x-axis position and contact force	y-axis position and contact force	SNIRF trial-start marker; fixed 20-s task duration; completion time from behavior
dyad-005	run-03	467.727273	20.000	8.750	12	coloring	egalitarian	easy	carrot	x-axis position and contact force	y-axis position and contact force	SNIRF trial-start marker; fixed 20-s task duration; completion time from behavior
dyad-005	run-03	506.363636	20.000	6.774	13	coloring	egalitarian	easy	carrot	x-axis position and contact force	y-axis position and contact force	SNIRF trial-start marker; fixed 20-s task duration; completion time from behavior
dyad-005	run-03	544.818182	20.000	6.413	14	coloring	egalitarian	easy	carrot	x-axis position and contact force	y-axis position and contact force	SNIRF trial-start marker; fixed 20-s task duration; completion time from behavior
dyad-005	run-03	583.272727	20.000	6.413	15	coloring	egalitarian	easy	carrot	x-axis position and contact force	y-axis position and contact force	SNIRF trial-start marker; fixed 20-s task duration; completion time from behavior
dyad-005	run-04	29.454545	20.000	7.204	1	coloring	egalitarian	hard	wave	x-axis position and contact force	y-axis position and contact force	SNIRF trial-start marker; fixed 20-s task duration; completion time from behavior
dyad-005	run-04	68.363636	20.000	7.006	2	coloring	egalitarian	hard	wave	x-axis position and contact force	y-axis position and contact force	SNIRF trial-start marker; fixed 20-s task duration; completion time from behavior
dyad-005	run-04	107.181818	20.000	8.415	3	coloring	egalitarian	hard	wave	x-axis position and contact force	y-axis position and contact force	SNIRF trial-start marker; fixed 20-s task duration; completion time from behavior
dyad-005	run-04	146.272727	20.000	10.901	4	coloring	egalitarian	hard	wave	x-axis position and contact force	y-axis position and contact force	SNIRF trial-start marker; fixed 20-s task duration; completion time from behavior
dyad-005	run-04	185.545455	20.000	10.901	5	coloring	egalitarian	hard	wave	x-axis position and contact force	y-axis position and contact force	SNIRF trial-start marker; fixed 20-s task duration; completion time from behavior
dyad-005	run-04	224.727273	20.000	9.981	6	coloring	egalitarian	hard	wave	x-axis position and contact force	y-axis position and contact force	SNIRF trial-start marker; fixed 20-s task duration; completion time from behavior
dyad-005	run-04	263.909091	20.000	11.137	7	coloring	egalitarian	hard	wave	x-axis position and contact force	y-axis position and contact force	SNIRF trial-start marker; fixed 20-s task duration; completion time from behavior
dyad-005	run-04	303.272727	20.000	11.131	8	coloring	egalitarian	hard	wave	x-axis position and contact force	y-axis position and contact force	SNIRF trial-start marker; fixed 20-s task duration; completion time from behavior
dyad-005	run-04	342.545455	20.000	9.663	9	coloring	egalitarian	hard	wave	x-axis position and contact force	y-axis position and contact force	SNIRF trial-start marker; fixed 20-s task duration; completion time from behavior
dyad-005	run-04	381.727273	20.000	10.364	10	coloring	egalitarian	hard	wave	x-axis position and contact force	y-axis position and contact force	SNIRF trial-start marker; fixed 20-s task duration; completion time from behavior
dyad-005	run-04	421.000000	20.000	11.104	11	coloring	egalitarian	hard	wave	x-axis position and contact force	y-axis position and contact force	SNIRF trial-start marker; fixed 20-s task duration; completion time from behavior
dyad-005	run-04	459.818182	20.000	9.620	12	coloring	egalitarian	hard	wave	x-axis position and contact force	y-axis position and contact force	SNIRF trial-start marker; fixed 20-s task duration; completion time from behavior
dyad-005	run-04	498.636364	20.000	9.909	13	coloring	egalitarian	hard	wave	x-axis position and contact force	y-axis position and contact force	SNIRF trial-start marker; fixed 20-s task duration; completion time from behavior
dyad-005	run-04	537.363636	20.000	9.691	14	coloring	egalitarian	hard	wave	x-axis position and contact force	y-axis position and contact force	SNIRF trial-start marker; fixed 20-s task duration; completion time from behavior
dyad-005	run-04	576.090909	20.000	9.761	15	coloring	egalitarian	hard	wave	x-axis position and contact force	y-axis position and contact force	SNIRF trial-start marker; fixed 20-s task duration; completion time from behavior
dyad-006	run-01	53.090909	20.000	9.379	1	coloring	leader-follower	easy	carrot	pattern-board pen position	applying-board contact force	SNIRF trial-start marker; fixed 20-s task duration; completion time from behavior
dyad-006	run-01	91.727273	20.000	8.855	2	coloring	leader-follower	easy	carrot	pattern-board pen position	applying-board contact force	SNIRF trial-start marker; fixed 20-s task duration; completion time from behavior
dyad-006	run-01	130.363636	20.000	9.697	3	coloring	leader-follower	easy	carrot	pattern-board pen position	applying-board contact force	SNIRF trial-start marker; fixed 20-s task duration; completion time from behavior
dyad-006	run-01	169.000000	20.000	9.175	4	coloring	leader-follower	easy	carrot	pattern-board pen position	applying-board contact force	SNIRF trial-start marker; fixed 20-s task duration; completion time from behavior
dyad-006	run-01	207.636364	20.000	9.407	5	coloring	leader-follower	easy	carrot	pattern-board pen position	applying-board contact force	SNIRF trial-start marker; fixed 20-s task duration; completion time from behavior
dyad-006	run-01	246.181818	20.000	8.638	6	coloring	leader-follower	easy	carrot	pattern-board pen position	applying-board contact force	SNIRF trial-start marker; fixed 20-s task duration; completion time from behavior
dyad-006	run-01	284.818182	20.000	8.949	7	coloring	leader-follower	easy	carrot	pattern-board pen position	applying-board contact force	SNIRF trial-start marker; fixed 20-s task duration; completion time from behavior
dyad-006	run-01	323.363636	20.000	9.028	8	coloring	leader-follower	easy	carrot	pattern-board pen position	applying-board contact force	SNIRF trial-start marker; fixed 20-s task duration; completion time from behavior
dyad-006	run-01	362.000000	20.000	10.704	9	coloring	leader-follower	easy	carrot	pattern-board pen position	applying-board contact force	SNIRF trial-start marker; fixed 20-s task duration; completion time from behavior
dyad-006	run-01	400.727273	20.000	7.205	10	coloring	leader-follower	easy	carrot	pattern-board pen position	applying-board contact force	SNIRF trial-start marker; fixed 20-s task duration; completion time from behavior
dyad-006	run-01	439.181818	20.000	9.942	11	coloring	leader-follower	easy	carrot	pattern-board pen position	applying-board contact force	SNIRF trial-start marker; fixed 20-s task duration; completion time from behavior
dyad-006	run-01	477.818182	20.000	9.530	12	coloring	leader-follower	easy	carrot	pattern-board pen position	applying-board contact force	SNIRF trial-start marker; fixed 20-s task duration; completion time from behavior
dyad-006	run-01	516.545455	20.000	9.428	13	coloring	leader-follower	easy	carrot	pattern-board pen position	applying-board contact force	SNIRF trial-start marker; fixed 20-s task duration; completion time from behavior
dyad-006	run-01	555.181818	20.000	7.308	14	coloring	leader-follower	easy	carrot	pattern-board pen position	applying-board contact force	SNIRF trial-start marker; fixed 20-s task duration; completion time from behavior
dyad-006	run-01	593.636364	20.000	11.080	15	coloring	leader-follower	easy	carrot	pattern-board pen position	applying-board contact force	SNIRF trial-start marker; fixed 20-s task duration; completion time from behavior
dyad-006	run-02	26.000000	20.000	12.944	1	coloring	leader-follower	hard	wave	pattern-board pen position	applying-board contact force	SNIRF trial-start marker; fixed 20-s task duration; completion time from behavior
dyad-006	run-02	65.090909	20.000	14.584	2	coloring	leader-follower	hard	wave	pattern-board pen position	applying-board contact force	SNIRF trial-start marker; fixed 20-s task duration; completion time from behavior
dyad-006	run-02	104.000000	20.000	16.808	3	coloring	leader-follower	hard	wave	pattern-board pen position	applying-board contact force	SNIRF trial-start marker; fixed 20-s task duration; completion time from behavior
dyad-006	run-02	143.181818	20.000	15.632	4	coloring	leader-follower	hard	wave	pattern-board pen position	applying-board contact force	SNIRF trial-start marker; fixed 20-s task duration; completion time from behavior
dyad-006	run-02	182.272727	20.000	15.147	5	coloring	leader-follower	hard	wave	pattern-board pen position	applying-board contact force	SNIRF trial-start marker; fixed 20-s task duration; completion time from behavior
dyad-006	run-02	221.363636	20.000	12.816	6	coloring	leader-follower	hard	wave	pattern-board pen position	applying-board contact force	SNIRF trial-start marker; fixed 20-s task duration; completion time from behavior
dyad-006	run-02	260.272727	20.000	13.190	7	coloring	leader-follower	hard	wave	pattern-board pen position	applying-board contact force	SNIRF trial-start marker; fixed 20-s task duration; completion time from behavior
dyad-006	run-02	299.181818	20.000	14.064	8	coloring	leader-follower	hard	wave	pattern-board pen position	applying-board contact force	SNIRF trial-start marker; fixed 20-s task duration; completion time from behavior
dyad-006	run-02	338.181818	20.000	16.054	9	coloring	leader-follower	hard	wave	pattern-board pen position	applying-board contact force	SNIRF trial-start marker; fixed 20-s task duration; completion time from behavior
dyad-006	run-02	377.363636	20.000	16.054	10	coloring	leader-follower	hard	wave	pattern-board pen position	applying-board contact force	SNIRF trial-start marker; fixed 20-s task duration; completion time from behavior
dyad-006	run-02	416.545455	20.000	16.375	11	coloring	leader-follower	hard	wave	pattern-board pen position	applying-board contact force	SNIRF trial-start marker; fixed 20-s task duration; completion time from behavior
dyad-006	run-02	455.727273	20.000	16.984	12	coloring	leader-follower	hard	wave	pattern-board pen position	applying-board contact force	SNIRF trial-start marker; fixed 20-s task duration; completion time from behavior
dyad-006	run-02	495.090909	20.000	10.332	13	coloring	leader-follower	hard	wave	pattern-board pen position	applying-board contact force	SNIRF trial-start marker; fixed 20-s task duration; completion time from behavior
dyad-006	run-02	533.818182	20.000	17.429	14	coloring	leader-follower	hard	wave	pattern-board pen position	applying-board contact force	SNIRF trial-start marker; fixed 20-s task duration; completion time from behavior
dyad-006	run-02	573.272727	20.000	11.131	15	coloring	leader-follower	hard	wave	pattern-board pen position	applying-board contact force	SNIRF trial-start marker; fixed 20-s task duration; completion time from behavior
dyad-006	run-03	42.000000	20.000	9.164	1	coloring	egalitarian	easy	carrot	x-axis position and contact force	y-axis position and contact force	SNIRF trial-start marker; fixed 20-s task duration; completion time from behavior
dyad-006	run-03	80.545455	20.000	10.766	2	coloring	egalitarian	easy	carrot	x-axis position and contact force	y-axis position and contact force	SNIRF trial-start marker; fixed 20-s task duration; completion time from behavior
dyad-006	run-03	119.272727	20.000	15.395	3	coloring	egalitarian	easy	carrot	x-axis position and contact force	y-axis position and contact force	SNIRF trial-start marker; fixed 20-s task duration; completion time from behavior
dyad-006	run-03	158.272727	20.000	13.157	4	coloring	egalitarian	easy	carrot	x-axis position and contact force	y-axis position and contact force	SNIRF trial-start marker; fixed 20-s task duration; completion time from behavior
dyad-006	run-03	197.090909	20.000	17.163	5	coloring	egalitarian	easy	carrot	x-axis position and contact force	y-axis position and contact force	SNIRF trial-start marker; fixed 20-s task duration; completion time from behavior
dyad-006	run-03	236.727273	20.000	17.850	6	coloring	egalitarian	easy	carrot	x-axis position and contact force	y-axis position and contact force	SNIRF trial-start marker; fixed 20-s task duration; completion time from behavior
dyad-006	run-03	276.545455	20.000	12.000	7	coloring	egalitarian	easy	carrot	x-axis position and contact force	y-axis position and contact force	SNIRF trial-start marker; fixed 20-s task duration; completion time from behavior
dyad-006	run-03	315.363636	20.000	15.846	8	coloring	egalitarian	easy	carrot	x-axis position and contact force	y-axis position and contact force	SNIRF trial-start marker; fixed 20-s task duration; completion time from behavior
dyad-006	run-03	354.454545	20.000	12.630	9	coloring	egalitarian	easy	carrot	x-axis position and contact force	y-axis position and contact force	SNIRF trial-start marker; fixed 20-s task duration; completion time from behavior
dyad-006	run-03	393.272727	20.000	13.460	10	coloring	egalitarian	easy	carrot	x-axis position and contact force	y-axis position and contact force	SNIRF trial-start marker; fixed 20-s task duration; completion time from behavior
dyad-006	run-03	432.090909	20.000	12.801	11	coloring	egalitarian	easy	carrot	x-axis position and contact force	y-axis position and contact force	SNIRF trial-start marker; fixed 20-s task duration; completion time from behavior
dyad-006	run-03	470.909091	20.000	12.709	12	coloring	egalitarian	easy	carrot	x-axis position and contact force	y-axis position and contact force	SNIRF trial-start marker; fixed 20-s task duration; completion time from behavior
dyad-006	run-03	509.727273	20.000	14.590	13	coloring	egalitarian	easy	carrot	x-axis position and contact force	y-axis position and contact force	SNIRF trial-start marker; fixed 20-s task duration; completion time from behavior
dyad-006	run-03	549.181818	20.000	12.762	14	coloring	egalitarian	easy	carrot	x-axis position and contact force	y-axis position and contact force	SNIRF trial-start marker; fixed 20-s task duration; completion time from behavior
dyad-006	run-03	588.090909	20.000	11.809	15	coloring	egalitarian	easy	carrot	x-axis position and contact force	y-axis position and contact force	SNIRF trial-start marker; fixed 20-s task duration; completion time from behavior
dyad-006	run-04	26.363636	20.000	9.067	1	coloring	egalitarian	hard	wave	x-axis position and contact force	y-axis position and contact force	SNIRF trial-start marker; fixed 20-s task duration; completion time from behavior
dyad-006	run-04	65.000000	20.000	11.981	2	coloring	egalitarian	hard	wave	x-axis position and contact force	y-axis position and contact force	SNIRF trial-start marker; fixed 20-s task duration; completion time from behavior
dyad-006	run-04	103.818182	20.000	11.287	3	coloring	egalitarian	hard	wave	x-axis position and contact force	y-axis position and contact force	SNIRF trial-start marker; fixed 20-s task duration; completion time from behavior
dyad-006	run-04	142.545455	20.000	11.429	4	coloring	egalitarian	hard	wave	x-axis position and contact force	y-axis position and contact force	SNIRF trial-start marker; fixed 20-s task duration; completion time from behavior
dyad-006	run-04	181.272727	20.000	14.029	5	coloring	egalitarian	hard	wave	x-axis position and contact force	y-axis position and contact force	SNIRF trial-start marker; fixed 20-s task duration; completion time from behavior
dyad-006	run-04	220.181818	20.000	14.029	6	coloring	egalitarian	hard	wave	x-axis position and contact force	y-axis position and contact force	SNIRF trial-start marker; fixed 20-s task duration; completion time from behavior
dyad-006	run-04	258.909091	20.000	10.883	7	coloring	egalitarian	hard	wave	x-axis position and contact force	y-axis position and contact force	SNIRF trial-start marker; fixed 20-s task duration; completion time from behavior
dyad-006	run-04	297.636364	20.000	11.926	8	coloring	egalitarian	hard	wave	x-axis position and contact force	y-axis position and contact force	SNIRF trial-start marker; fixed 20-s task duration; completion time from behavior
dyad-006	run-04	336.454545	20.000	13.363	9	coloring	egalitarian	hard	wave	x-axis position and contact force	y-axis position and contact force	SNIRF trial-start marker; fixed 20-s task duration; completion time from behavior
dyad-006	run-04	375.272727	20.000	10.149	10	coloring	egalitarian	hard	wave	x-axis position and contact force	y-axis position and contact force	SNIRF trial-start marker; fixed 20-s task duration; completion time from behavior
dyad-006	run-04	414.000000	20.000	9.789	11	coloring	egalitarian	hard	wave	x-axis position and contact force	y-axis position and contact force	SNIRF trial-start marker; fixed 20-s task duration; completion time from behavior
dyad-006	run-04	452.636364	20.000	9.789	12	coloring	egalitarian	hard	wave	x-axis position and contact force	y-axis position and contact force	SNIRF trial-start marker; fixed 20-s task duration; completion time from behavior
dyad-006	run-04	491.272727	20.000	13.241	13	coloring	egalitarian	hard	wave	x-axis position and contact force	y-axis position and contact force	SNIRF trial-start marker; fixed 20-s task duration; completion time from behavior
dyad-006	run-04	530.181818	20.000	10.471	14	coloring	egalitarian	hard	wave	x-axis position and contact force	y-axis position and contact force	SNIRF trial-start marker; fixed 20-s task duration; completion time from behavior
dyad-006	run-04	568.818182	20.000	11.237	15	coloring	egalitarian	hard	wave	x-axis position and contact force	y-axis position and contact force	SNIRF trial-start marker; fixed 20-s task duration; completion time from behavior
dyad-007	run-01	24.000000	20.000	7.540	1	coloring	leader-follower	easy	carrot	pattern-board pen position	applying-board contact force	SNIRF trial-start marker; fixed 20-s task duration; completion time from behavior
dyad-007	run-01	62.454545	20.000	9.175	2	coloring	leader-follower	easy	carrot	pattern-board pen position	applying-board contact force	SNIRF trial-start marker; fixed 20-s task duration; completion time from behavior
dyad-007	run-01	101.181818	20.000	8.955	3	coloring	leader-follower	easy	carrot	pattern-board pen position	applying-board contact force	SNIRF trial-start marker; fixed 20-s task duration; completion time from behavior
dyad-007	run-01	139.727273	20.000	6.939	4	coloring	leader-follower	easy	carrot	pattern-board pen position	applying-board contact force	SNIRF trial-start marker; fixed 20-s task duration; completion time from behavior
dyad-007	run-01	178.272727	20.000	6.881	5	coloring	leader-follower	easy	carrot	pattern-board pen position	applying-board contact force	SNIRF trial-start marker; fixed 20-s task duration; completion time from behavior
dyad-007	run-01	216.727273	20.000	7.420	6	coloring	leader-follower	easy	carrot	pattern-board pen position	applying-board contact force	SNIRF trial-start marker; fixed 20-s task duration; completion time from behavior
dyad-007	run-01	255.272727	20.000	9.693	7	coloring	leader-follower	easy	carrot	pattern-board pen position	applying-board contact force	SNIRF trial-start marker; fixed 20-s task duration; completion time from behavior
dyad-007	run-01	293.909091	20.000	9.728	8	coloring	leader-follower	easy	carrot	pattern-board pen position	applying-board contact force	SNIRF trial-start marker; fixed 20-s task duration; completion time from behavior
dyad-007	run-01	332.545455	20.000	7.624	9	coloring	leader-follower	easy	carrot	pattern-board pen position	applying-board contact force	SNIRF trial-start marker; fixed 20-s task duration; completion time from behavior
dyad-007	run-01	371.181818	20.000	8.565	10	coloring	leader-follower	easy	carrot	pattern-board pen position	applying-board contact force	SNIRF trial-start marker; fixed 20-s task duration; completion time from behavior
dyad-007	run-01	409.727273	20.000	10.351	11	coloring	leader-follower	easy	carrot	pattern-board pen position	applying-board contact force	SNIRF trial-start marker; fixed 20-s task duration; completion time from behavior
dyad-007	run-01	448.363636	20.000	9.639	12	coloring	leader-follower	easy	carrot	pattern-board pen position	applying-board contact force	SNIRF trial-start marker; fixed 20-s task duration; completion time from behavior
dyad-007	run-01	487.000000	20.000	8.264	13	coloring	leader-follower	easy	carrot	pattern-board pen position	applying-board contact force	SNIRF trial-start marker; fixed 20-s task duration; completion time from behavior
dyad-007	run-01	525.545455	20.000	7.769	14	coloring	leader-follower	easy	carrot	pattern-board pen position	applying-board contact force	SNIRF trial-start marker; fixed 20-s task duration; completion time from behavior
dyad-007	run-01	564.181818	20.000	7.582	15	coloring	leader-follower	easy	carrot	pattern-board pen position	applying-board contact force	SNIRF trial-start marker; fixed 20-s task duration; completion time from behavior
dyad-007	run-02	40.363636	20.000	10.299	1	coloring	leader-follower	hard	wave	pattern-board pen position	applying-board contact force	SNIRF trial-start marker; fixed 20-s task duration; completion time from behavior
dyad-007	run-02	79.000000	20.000	9.972	2	coloring	leader-follower	hard	wave	pattern-board pen position	applying-board contact force	SNIRF trial-start marker; fixed 20-s task duration; completion time from behavior
dyad-007	run-02	117.636364	20.000	10.665	3	coloring	leader-follower	hard	wave	pattern-board pen position	applying-board contact force	SNIRF trial-start marker; fixed 20-s task duration; completion time from behavior
dyad-007	run-02	156.272727	20.000	11.107	4	coloring	leader-follower	hard	wave	pattern-board pen position	applying-board contact force	SNIRF trial-start marker; fixed 20-s task duration; completion time from behavior
dyad-007	run-02	195.000000	20.000	10.885	5	coloring	leader-follower	hard	wave	pattern-board pen position	applying-board contact force	SNIRF trial-start marker; fixed 20-s task duration; completion time from behavior
dyad-007	run-02	233.636364	20.000	10.855	6	coloring	leader-follower	hard	wave	pattern-board pen position	applying-board contact force	SNIRF trial-start marker; fixed 20-s task duration; completion time from behavior
dyad-007	run-02	272.363636	20.000	11.283	7	coloring	leader-follower	hard	wave	pattern-board pen position	applying-board contact force	SNIRF trial-start marker; fixed 20-s task duration; completion time from behavior
dyad-007	run-02	311.000000	20.000	10.552	8	coloring	leader-follower	hard	wave	pattern-board pen position	applying-board contact force	SNIRF trial-start marker; fixed 20-s task duration; completion time from behavior
dyad-007	run-02	349.636364	20.000	10.803	9	coloring	leader-follower	hard	wave	pattern-board pen position	applying-board contact force	SNIRF trial-start marker; fixed 20-s task duration; completion time from behavior
dyad-007	run-02	388.363636	20.000	10.063	10	coloring	leader-follower	hard	wave	pattern-board pen position	applying-board contact force	SNIRF trial-start marker; fixed 20-s task duration; completion time from behavior
dyad-007	run-02	427.000000	20.000	11.111	11	coloring	leader-follower	hard	wave	pattern-board pen position	applying-board contact force	SNIRF trial-start marker; fixed 20-s task duration; completion time from behavior
dyad-007	run-02	465.636364	20.000	10.089	12	coloring	leader-follower	hard	wave	pattern-board pen position	applying-board contact force	SNIRF trial-start marker; fixed 20-s task duration; completion time from behavior
dyad-007	run-02	504.272727	20.000	10.123	13	coloring	leader-follower	hard	wave	pattern-board pen position	applying-board contact force	SNIRF trial-start marker; fixed 20-s task duration; completion time from behavior
dyad-007	run-02	542.909091	20.000	10.373	14	coloring	leader-follower	hard	wave	pattern-board pen position	applying-board contact force	SNIRF trial-start marker; fixed 20-s task duration; completion time from behavior
dyad-007	run-02	581.545455	20.000	10.616	15	coloring	leader-follower	hard	wave	pattern-board pen position	applying-board contact force	SNIRF trial-start marker; fixed 20-s task duration; completion time from behavior
dyad-007	run-03	25.636364	20.000	9.771	1	coloring	egalitarian	easy	carrot	x-axis position and contact force	y-axis position and contact force	SNIRF trial-start marker; fixed 20-s task duration; completion time from behavior
dyad-007	run-03	64.636364	20.000	9.137	2	coloring	egalitarian	easy	carrot	x-axis position and contact force	y-axis position and contact force	SNIRF trial-start marker; fixed 20-s task duration; completion time from behavior
dyad-007	run-03	103.727273	20.000	11.316	3	coloring	egalitarian	easy	carrot	x-axis position and contact force	y-axis position and contact force	SNIRF trial-start marker; fixed 20-s task duration; completion time from behavior
dyad-007	run-03	143.181818	20.000	8.419	4	coloring	egalitarian	easy	carrot	x-axis position and contact force	y-axis position and contact force	SNIRF trial-start marker; fixed 20-s task duration; completion time from behavior
dyad-007	run-03	182.090909	20.000	8.419	5	coloring	egalitarian	easy	carrot	x-axis position and contact force	y-axis position and contact force	SNIRF trial-start marker; fixed 20-s task duration; completion time from behavior
dyad-007	run-03	220.909091	20.000	10.046	6	coloring	egalitarian	easy	carrot	x-axis position and contact force	y-axis position and contact force	SNIRF trial-start marker; fixed 20-s task duration; completion time from behavior
dyad-007	run-03	260.090909	20.000	8.431	7	coloring	egalitarian	easy	carrot	x-axis position and contact force	y-axis position and contact force	SNIRF trial-start marker; fixed 20-s task duration; completion time from behavior
dyad-007	run-03	299.090909	20.000	7.441	8	coloring	egalitarian	easy	carrot	x-axis position and contact force	y-axis position and contact force	SNIRF trial-start marker; fixed 20-s task duration; completion time from behavior
dyad-007	run-03	338.090909	20.000	8.954	9	coloring	egalitarian	easy	carrot	x-axis position and contact force	y-axis position and contact force	SNIRF trial-start marker; fixed 20-s task duration; completion time from behavior
dyad-007	run-03	377.181818	20.000	9.495	10	coloring	egalitarian	easy	carrot	x-axis position and contact force	y-axis position and contact force	SNIRF trial-start marker; fixed 20-s task duration; completion time from behavior
dyad-007	run-03	416.272727	20.000	7.260	11	coloring	egalitarian	easy	carrot	x-axis position and contact force	y-axis position and contact force	SNIRF trial-start marker; fixed 20-s task duration; completion time from behavior
dyad-007	run-03	455.181818	20.000	10.531	12	coloring	egalitarian	easy	carrot	x-axis position and contact force	y-axis position and contact force	SNIRF trial-start marker; fixed 20-s task duration; completion time from behavior
dyad-007	run-03	494.454545	20.000	9.365	13	coloring	egalitarian	easy	carrot	x-axis position and contact force	y-axis position and contact force	SNIRF trial-start marker; fixed 20-s task duration; completion time from behavior
dyad-007	run-03	533.090909	20.000	7.217	14	coloring	egalitarian	easy	carrot	x-axis position and contact force	y-axis position and contact force	SNIRF trial-start marker; fixed 20-s task duration; completion time from behavior
dyad-007	run-03	572.000000	20.000	7.217	15	coloring	egalitarian	easy	carrot	x-axis position and contact force	y-axis position and contact force	SNIRF trial-start marker; fixed 20-s task duration; completion time from behavior
dyad-007	run-04	26.636364	20.000	10.524	1	coloring	egalitarian	hard	wave	x-axis position and contact force	y-axis position and contact force	SNIRF trial-start marker; fixed 20-s task duration; completion time from behavior
dyad-007	run-04	65.272727	20.000	10.703	2	coloring	egalitarian	hard	wave	x-axis position and contact force	y-axis position and contact force	SNIRF trial-start marker; fixed 20-s task duration; completion time from behavior
dyad-007	run-04	103.909091	20.000	10.703	3	coloring	egalitarian	hard	wave	x-axis position and contact force	y-axis position and contact force	SNIRF trial-start marker; fixed 20-s task duration; completion time from behavior
dyad-007	run-04	142.545455	20.000	10.072	4	coloring	egalitarian	hard	wave	x-axis position and contact force	y-axis position and contact force	SNIRF trial-start marker; fixed 20-s task duration; completion time from behavior
dyad-007	run-04	181.181818	20.000	9.255	5	coloring	egalitarian	hard	wave	x-axis position and contact force	y-axis position and contact force	SNIRF trial-start marker; fixed 20-s task duration; completion time from behavior
dyad-007	run-04	219.727273	20.000	9.600	6	coloring	egalitarian	hard	wave	x-axis position and contact force	y-axis position and contact force	SNIRF trial-start marker; fixed 20-s task duration; completion time from behavior
dyad-007	run-04	258.363636	20.000	9.924	7	coloring	egalitarian	hard	wave	x-axis position and contact force	y-axis position and contact force	SNIRF trial-start marker; fixed 20-s task duration; completion time from behavior
dyad-007	run-04	296.909091	20.000	9.392	8	coloring	egalitarian	hard	wave	x-axis position and contact force	y-axis position and contact force	SNIRF trial-start marker; fixed 20-s task duration; completion time from behavior
dyad-007	run-04	335.545455	20.000	10.310	9	coloring	egalitarian	hard	wave	x-axis position and contact force	y-axis position and contact force	SNIRF trial-start marker; fixed 20-s task duration; completion time from behavior
dyad-007	run-04	374.090909	20.000	11.495	10	coloring	egalitarian	hard	wave	x-axis position and contact force	y-axis position and contact force	SNIRF trial-start marker; fixed 20-s task duration; completion time from behavior
dyad-007	run-04	412.818182	20.000	9.846	11	coloring	egalitarian	hard	wave	x-axis position and contact force	y-axis position and contact force	SNIRF trial-start marker; fixed 20-s task duration; completion time from behavior
dyad-007	run-04	451.454545	20.000	10.304	12	coloring	egalitarian	hard	wave	x-axis position and contact force	y-axis position and contact force	SNIRF trial-start marker; fixed 20-s task duration; completion time from behavior
dyad-007	run-04	490.090909	20.000	10.013	13	coloring	egalitarian	hard	wave	x-axis position and contact force	y-axis position and contact force	SNIRF trial-start marker; fixed 20-s task duration; completion time from behavior
dyad-007	run-04	528.727273	20.000	10.694	14	coloring	egalitarian	hard	wave	x-axis position and contact force	y-axis position and contact force	SNIRF trial-start marker; fixed 20-s task duration; completion time from behavior
dyad-007	run-04	567.363636	20.000	11.587	15	coloring	egalitarian	hard	wave	x-axis position and contact force	y-axis position and contact force	SNIRF trial-start marker; fixed 20-s task duration; completion time from behavior
dyad-008	run-01	35.454545	20.000	10.127	1	coloring	leader-follower	easy	carrot	pattern-board pen position	applying-board contact force	SNIRF trial-start marker; fixed 20-s task duration; completion time from behavior
dyad-008	run-01	74.090909	20.000	9.272	2	coloring	leader-follower	easy	carrot	pattern-board pen position	applying-board contact force	SNIRF trial-start marker; fixed 20-s task duration; completion time from behavior
dyad-008	run-01	112.818182	20.000	7.346	3	coloring	leader-follower	easy	carrot	pattern-board pen position	applying-board contact force	SNIRF trial-start marker; fixed 20-s task duration; completion time from behavior
dyad-008	run-01	151.454545	20.000	8.468	4	coloring	leader-follower	easy	carrot	pattern-board pen position	applying-board contact force	SNIRF trial-start marker; fixed 20-s task duration; completion time from behavior
dyad-008	run-01	190.000000	20.000	7.892	5	coloring	leader-follower	easy	carrot	pattern-board pen position	applying-board contact force	SNIRF trial-start marker; fixed 20-s task duration; completion time from behavior
dyad-008	run-01	228.636364	20.000	8.213	6	coloring	leader-follower	easy	carrot	pattern-board pen position	applying-board contact force	SNIRF trial-start marker; fixed 20-s task duration; completion time from behavior
dyad-008	run-01	267.181818	20.000	9.062	7	coloring	leader-follower	easy	carrot	pattern-board pen position	applying-board contact force	SNIRF trial-start marker; fixed 20-s task duration; completion time from behavior
dyad-008	run-01	305.909091	20.000	7.465	8	coloring	leader-follower	easy	carrot	pattern-board pen position	applying-board contact force	SNIRF trial-start marker; fixed 20-s task duration; completion time from behavior
dyad-008	run-01	344.545455	20.000	6.781	9	coloring	leader-follower	easy	carrot	pattern-board pen position	applying-board contact force	SNIRF trial-start marker; fixed 20-s task duration; completion time from behavior
dyad-008	run-01	383.000000	20.000	5.874	10	coloring	leader-follower	easy	carrot	pattern-board pen position	applying-board contact force	SNIRF trial-start marker; fixed 20-s task duration; completion time from behavior
dyad-008	run-01	421.454545	20.000	6.190	11	coloring	leader-follower	easy	carrot	pattern-board pen position	applying-board contact force	SNIRF trial-start marker; fixed 20-s task duration; completion time from behavior
dyad-008	run-01	460.000000	20.000	6.951	12	coloring	leader-follower	easy	carrot	pattern-board pen position	applying-board contact force	SNIRF trial-start marker; fixed 20-s task duration; completion time from behavior
dyad-008	run-01	498.636364	20.000	6.461	13	coloring	leader-follower	easy	carrot	pattern-board pen position	applying-board contact force	SNIRF trial-start marker; fixed 20-s task duration; completion time from behavior
dyad-008	run-01	537.181818	20.000	7.332	14	coloring	leader-follower	easy	carrot	pattern-board pen position	applying-board contact force	SNIRF trial-start marker; fixed 20-s task duration; completion time from behavior
dyad-008	run-01	575.727273	20.000	7.227	15	coloring	leader-follower	easy	carrot	pattern-board pen position	applying-board contact force	SNIRF trial-start marker; fixed 20-s task duration; completion time from behavior
dyad-008	run-02	43.909091	20.000	8.410	1	coloring	leader-follower	hard	wave	pattern-board pen position	applying-board contact force	SNIRF trial-start marker; fixed 20-s task duration; completion time from behavior
dyad-008	run-02	82.545455	20.000	9.538	2	coloring	leader-follower	hard	wave	pattern-board pen position	applying-board contact force	SNIRF trial-start marker; fixed 20-s task duration; completion time from behavior
dyad-008	run-02	121.181818	20.000	8.725	3	coloring	leader-follower	hard	wave	pattern-board pen position	applying-board contact force	SNIRF trial-start marker; fixed 20-s task duration; completion time from behavior
dyad-008	run-02	159.818182	20.000	8.851	4	coloring	leader-follower	hard	wave	pattern-board pen position	applying-board contact force	SNIRF trial-start marker; fixed 20-s task duration; completion time from behavior
dyad-008	run-02	198.454545	20.000	8.450	5	coloring	leader-follower	hard	wave	pattern-board pen position	applying-board contact force	SNIRF trial-start marker; fixed 20-s task duration; completion time from behavior
dyad-008	run-02	237.000000	20.000	8.450	6	coloring	leader-follower	hard	wave	pattern-board pen position	applying-board contact force	SNIRF trial-start marker; fixed 20-s task duration; completion time from behavior
dyad-008	run-02	275.818182	20.000	7.025	7	coloring	leader-follower	hard	wave	pattern-board pen position	applying-board contact force	SNIRF trial-start marker; fixed 20-s task duration; completion time from behavior
dyad-008	run-02	314.272727	20.000	9.652	8	coloring	leader-follower	hard	wave	pattern-board pen position	applying-board contact force	SNIRF trial-start marker; fixed 20-s task duration; completion time from behavior
dyad-008	run-02	353.000000	20.000	9.743	9	coloring	leader-follower	hard	wave	pattern-board pen position	applying-board contact force	SNIRF trial-start marker; fixed 20-s task duration; completion time from behavior
dyad-008	run-02	391.636364	20.000	9.700	10	coloring	leader-follower	hard	wave	pattern-board pen position	applying-board contact force	SNIRF trial-start marker; fixed 20-s task duration; completion time from behavior
dyad-008	run-02	430.181818	20.000	9.550	11	coloring	leader-follower	hard	wave	pattern-board pen position	applying-board contact force	SNIRF trial-start marker; fixed 20-s task duration; completion time from behavior
dyad-008	run-02	468.909091	20.000	10.130	12	coloring	leader-follower	hard	wave	pattern-board pen position	applying-board contact force	SNIRF trial-start marker; fixed 20-s task duration; completion time from behavior
dyad-008	run-02	507.545455	20.000	8.783	13	coloring	leader-follower	hard	wave	pattern-board pen position	applying-board contact force	SNIRF trial-start marker; fixed 20-s task duration; completion time from behavior
dyad-008	run-02	546.181818	20.000	8.847	14	coloring	leader-follower	hard	wave	pattern-board pen position	applying-board contact force	SNIRF trial-start marker; fixed 20-s task duration; completion time from behavior
dyad-008	run-02	584.818182	20.000	8.586	15	coloring	leader-follower	hard	wave	pattern-board pen position	applying-board contact force	SNIRF trial-start marker; fixed 20-s task duration; completion time from behavior
dyad-008	run-03	122.181818	20.000	7.808	1	coloring	egalitarian	easy	carrot	x-axis position and contact force	y-axis position and contact force	SNIRF trial-start marker; fixed 20-s task duration; completion time from behavior
dyad-008	run-03	160.909091	20.000	9.357	2	coloring	egalitarian	easy	carrot	x-axis position and contact force	y-axis position and contact force	SNIRF trial-start marker; fixed 20-s task duration; completion time from behavior
dyad-008	run-03	199.727273	20.000	8.999	3	coloring	egalitarian	easy	carrot	x-axis position and contact force	y-axis position and contact force	SNIRF trial-start marker; fixed 20-s task duration; completion time from behavior
dyad-008	run-03	238.636364	20.000	9.921	4	coloring	egalitarian	easy	carrot	x-axis position and contact force	y-axis position and contact force	SNIRF trial-start marker; fixed 20-s task duration; completion time from behavior
dyad-008	run-03	277.545455	20.000	7.263	5	coloring	egalitarian	easy	carrot	x-axis position and contact force	y-axis position and contact force	SNIRF trial-start marker; fixed 20-s task duration; completion time from behavior
dyad-008	run-03	316.363636	20.000	8.889	6	coloring	egalitarian	easy	carrot	x-axis position and contact force	y-axis position and contact force	SNIRF trial-start marker; fixed 20-s task duration; completion time from behavior
dyad-008	run-03	355.454545	20.000	7.298	7	coloring	egalitarian	easy	carrot	x-axis position and contact force	y-axis position and contact force	SNIRF trial-start marker; fixed 20-s task duration; completion time from behavior
dyad-008	run-03	394.181818	20.000	9.253	8	coloring	egalitarian	easy	carrot	x-axis position and contact force	y-axis position and contact force	SNIRF trial-start marker; fixed 20-s task duration; completion time from behavior
dyad-008	run-03	433.272727	20.000	9.253	9	coloring	egalitarian	easy	carrot	x-axis position and contact force	y-axis position and contact force	SNIRF trial-start marker; fixed 20-s task duration; completion time from behavior
dyad-008	run-03	471.363636	20.000	7.926	10	coloring	egalitarian	easy	carrot	x-axis position and contact force	y-axis position and contact force	SNIRF trial-start marker; fixed 20-s task duration; completion time from behavior
dyad-008	run-03	510.181818	20.000	9.105	11	coloring	egalitarian	easy	carrot	x-axis position and contact force	y-axis position and contact force	SNIRF trial-start marker; fixed 20-s task duration; completion time from behavior
dyad-008	run-03	549.181818	20.000	5.728	12	coloring	egalitarian	easy	carrot	x-axis position and contact force	y-axis position and contact force	SNIRF trial-start marker; fixed 20-s task duration; completion time from behavior
dyad-008	run-03	587.727273	20.000	7.555	13	coloring	egalitarian	easy	carrot	x-axis position and contact force	y-axis position and contact force	SNIRF trial-start marker; fixed 20-s task duration; completion time from behavior
dyad-008	run-03	626.545455	20.000	6.444	14	coloring	egalitarian	easy	carrot	x-axis position and contact force	y-axis position and contact force	SNIRF trial-start marker; fixed 20-s task duration; completion time from behavior
dyad-008	run-03	665.181818	20.000	7.414	15	coloring	egalitarian	easy	carrot	x-axis position and contact force	y-axis position and contact force	SNIRF trial-start marker; fixed 20-s task duration; completion time from behavior
dyad-008	run-04	31.727273	20.000	9.772	1	coloring	egalitarian	hard	wave	x-axis position and contact force	y-axis position and contact force	SNIRF trial-start marker; fixed 20-s task duration; completion time from behavior
dyad-008	run-04	70.363636	20.000	10.979	2	coloring	egalitarian	hard	wave	x-axis position and contact force	y-axis position and contact force	SNIRF trial-start marker; fixed 20-s task duration; completion time from behavior
dyad-008	run-04	109.090909	20.000	8.898	3	coloring	egalitarian	hard	wave	x-axis position and contact force	y-axis position and contact force	SNIRF trial-start marker; fixed 20-s task duration; completion time from behavior
dyad-008	run-04	147.636364	20.000	9.298	4	coloring	egalitarian	hard	wave	x-axis position and contact force	y-axis position and contact force	SNIRF trial-start marker; fixed 20-s task duration; completion time from behavior
dyad-008	run-04	186.272727	20.000	8.376	5	coloring	egalitarian	hard	wave	x-axis position and contact force	y-axis position and contact force	SNIRF trial-start marker; fixed 20-s task duration; completion time from behavior
dyad-008	run-04	224.909091	20.000	8.705	6	coloring	egalitarian	hard	wave	x-axis position and contact force	y-axis position and contact force	SNIRF trial-start marker; fixed 20-s task duration; completion time from behavior
dyad-008	run-04	263.454545	20.000	7.865	7	coloring	egalitarian	hard	wave	x-axis position and contact force	y-axis position and contact force	SNIRF trial-start marker; fixed 20-s task duration; completion time from behavior
dyad-008	run-04	302.000000	20.000	8.101	8	coloring	egalitarian	hard	wave	x-axis position and contact force	y-axis position and contact force	SNIRF trial-start marker; fixed 20-s task duration; completion time from behavior
dyad-008	run-04	340.545455	20.000	6.287	9	coloring	egalitarian	hard	wave	x-axis position and contact force	y-axis position and contact force	SNIRF trial-start marker; fixed 20-s task duration; completion time from behavior
dyad-008	run-04	379.000000	20.000	6.287	10	coloring	egalitarian	hard	wave	x-axis position and contact force	y-axis position and contact force	SNIRF trial-start marker; fixed 20-s task duration; completion time from behavior
dyad-008	run-04	417.454545	20.000	9.538	11	coloring	egalitarian	hard	wave	x-axis position and contact force	y-axis position and contact force	SNIRF trial-start marker; fixed 20-s task duration; completion time from behavior
dyad-008	run-04	456.090909	20.000	7.452	12	coloring	egalitarian	hard	wave	x-axis position and contact force	y-axis position and contact force	SNIRF trial-start marker; fixed 20-s task duration; completion time from behavior
dyad-008	run-04	494.636364	20.000	6.844	13	coloring	egalitarian	hard	wave	x-axis position and contact force	y-axis position and contact force	SNIRF trial-start marker; fixed 20-s task duration; completion time from behavior
dyad-008	run-04	533.090909	20.000	7.766	14	coloring	egalitarian	hard	wave	x-axis position and contact force	y-axis position and contact force	SNIRF trial-start marker; fixed 20-s task duration; completion time from behavior
dyad-008	run-04	571.636364	20.000	7.454	15	coloring	egalitarian	hard	wave	x-axis position and contact force	y-axis position and contact force	SNIRF trial-start marker; fixed 20-s task duration; completion time from behavior
dyad-009	run-01	82.363636	20.000	6.907	1	coloring	leader-follower	easy	carrot	pattern-board pen position	applying-board contact force	SNIRF trial-start marker; fixed 20-s task duration; completion time from behavior
dyad-009	run-01	120.818182	20.000	12.060	2	coloring	leader-follower	easy	carrot	pattern-board pen position	applying-board contact force	SNIRF trial-start marker; fixed 20-s task duration; completion time from behavior
dyad-009	run-01	159.636364	20.000	9.135	3	coloring	leader-follower	easy	carrot	pattern-board pen position	applying-board contact force	SNIRF trial-start marker; fixed 20-s task duration; completion time from behavior
dyad-009	run-01	198.181818	20.000	10.864	4	coloring	leader-follower	easy	carrot	pattern-board pen position	applying-board contact force	SNIRF trial-start marker; fixed 20-s task duration; completion time from behavior
dyad-009	run-01	236.909091	20.000	9.369	5	coloring	leader-follower	easy	carrot	pattern-board pen position	applying-board contact force	SNIRF trial-start marker; fixed 20-s task duration; completion time from behavior
dyad-009	run-01	275.454545	20.000	9.413	6	coloring	leader-follower	easy	carrot	pattern-board pen position	applying-board contact force	SNIRF trial-start marker; fixed 20-s task duration; completion time from behavior
dyad-009	run-01	314.090909	20.000	8.195	7	coloring	leader-follower	easy	carrot	pattern-board pen position	applying-board contact force	SNIRF trial-start marker; fixed 20-s task duration; completion time from behavior
dyad-009	run-01	352.636364	20.000	9.487	8	coloring	leader-follower	easy	carrot	pattern-board pen position	applying-board contact force	SNIRF trial-start marker; fixed 20-s task duration; completion time from behavior
dyad-009	run-01	391.272727	20.000	10.368	9	coloring	leader-follower	easy	carrot	pattern-board pen position	applying-board contact force	SNIRF trial-start marker; fixed 20-s task duration; completion time from behavior
dyad-009	run-01	429.909091	20.000	10.418	10	coloring	leader-follower	easy	carrot	pattern-board pen position	applying-board contact force	SNIRF trial-start marker; fixed 20-s task duration; completion time from behavior
dyad-009	run-01	468.636364	20.000	10.247	11	coloring	leader-follower	easy	carrot	pattern-board pen position	applying-board contact force	SNIRF trial-start marker; fixed 20-s task duration; completion time from behavior
dyad-009	run-01	507.272727	20.000	7.408	12	coloring	leader-follower	easy	carrot	pattern-board pen position	applying-board contact force	SNIRF trial-start marker; fixed 20-s task duration; completion time from behavior
dyad-009	run-01	545.727273	20.000	9.119	13	coloring	leader-follower	easy	carrot	pattern-board pen position	applying-board contact force	SNIRF trial-start marker; fixed 20-s task duration; completion time from behavior
dyad-009	run-01	584.363636	20.000	8.462	14	coloring	leader-follower	easy	carrot	pattern-board pen position	applying-board contact force	SNIRF trial-start marker; fixed 20-s task duration; completion time from behavior
dyad-009	run-01	622.909091	20.000	8.462	15	coloring	leader-follower	easy	carrot	pattern-board pen position	applying-board contact force	SNIRF trial-start marker; fixed 20-s task duration; completion time from behavior
dyad-009	run-02	44.909091	20.000	8.901	1	coloring	leader-follower	hard	wave	pattern-board pen position	applying-board contact force	SNIRF trial-start marker; fixed 20-s task duration; completion time from behavior
dyad-009	run-02	83.545455	20.000	9.687	2	coloring	leader-follower	hard	wave	pattern-board pen position	applying-board contact force	SNIRF trial-start marker; fixed 20-s task duration; completion time from behavior
dyad-009	run-02	122.272727	20.000	10.617	3	coloring	leader-follower	hard	wave	pattern-board pen position	applying-board contact force	SNIRF trial-start marker; fixed 20-s task duration; completion time from behavior
dyad-009	run-02	161.000000	20.000	10.617	4	coloring	leader-follower	hard	wave	pattern-board pen position	applying-board contact force	SNIRF trial-start marker; fixed 20-s task duration; completion time from behavior
dyad-009	run-02	199.636364	20.000	9.179	5	coloring	leader-follower	hard	wave	pattern-board pen position	applying-board contact force	SNIRF trial-start marker; fixed 20-s task duration; completion time from behavior
dyad-009	run-02	238.363636	20.000	9.069	6	coloring	leader-follower	hard	wave	pattern-board pen position	applying-board contact force	SNIRF trial-start marker; fixed 20-s task duration; completion time from behavior
dyad-009	run-02	277.000000	20.000	9.196	7	coloring	leader-follower	hard	wave	pattern-board pen position	applying-board contact force	SNIRF trial-start marker; fixed 20-s task duration; completion time from behavior
dyad-009	run-02	315.545455	20.000	9.249	8	coloring	leader-follower	hard	wave	pattern-board pen position	applying-board contact force	SNIRF trial-start marker; fixed 20-s task duration; completion time from behavior
dyad-009	run-02	354.272727	20.000	9.352	9	coloring	leader-follower	hard	wave	pattern-board pen position	applying-board contact force	SNIRF trial-start marker; fixed 20-s task duration; completion time from behavior
dyad-009	run-02	393.000000	20.000	9.435	10	coloring	leader-follower	hard	wave	pattern-board pen position	applying-board contact force	SNIRF trial-start marker; fixed 20-s task duration; completion time from behavior
dyad-009	run-02	431.636364	20.000	10.272	11	coloring	leader-follower	hard	wave	pattern-board pen position	applying-board contact force	SNIRF trial-start marker; fixed 20-s task duration; completion time from behavior
dyad-009	run-02	470.363636	20.000	9.831	12	coloring	leader-follower	hard	wave	pattern-board pen position	applying-board contact force	SNIRF trial-start marker; fixed 20-s task duration; completion time from behavior
dyad-009	run-02	509.000000	20.000	9.311	13	coloring	leader-follower	hard	wave	pattern-board pen position	applying-board contact force	SNIRF trial-start marker; fixed 20-s task duration; completion time from behavior
dyad-009	run-02	547.636364	20.000	9.311	14	coloring	leader-follower	hard	wave	pattern-board pen position	applying-board contact force	SNIRF trial-start marker; fixed 20-s task duration; completion time from behavior
dyad-009	run-02	586.272727	20.000	9.314	15	coloring	leader-follower	hard	wave	pattern-board pen position	applying-board contact force	SNIRF trial-start marker; fixed 20-s task duration; completion time from behavior
dyad-009	run-03	64.909091	20.000	10.101	1	coloring	egalitarian	easy	carrot	x-axis position and contact force	y-axis position and contact force	SNIRF trial-start marker; fixed 20-s task duration; completion time from behavior
dyad-009	run-03	103.636364	20.000	12.271	2	coloring	egalitarian	easy	carrot	x-axis position and contact force	y-axis position and contact force	SNIRF trial-start marker; fixed 20-s task duration; completion time from behavior
dyad-009	run-03	143.000000	20.000	9.941	3	coloring	egalitarian	easy	carrot	x-axis position and contact force	y-axis position and contact force	SNIRF trial-start marker; fixed 20-s task duration; completion time from behavior
dyad-009	run-03	182.090909	20.000	10.895	4	coloring	egalitarian	easy	carrot	x-axis position and contact force	y-axis position and contact force	SNIRF trial-start marker; fixed 20-s task duration; completion time from behavior
dyad-009	run-03	221.272727	20.000	9.675	5	coloring	egalitarian	easy	carrot	x-axis position and contact force	y-axis position and contact force	SNIRF trial-start marker; fixed 20-s task duration; completion time from behavior
dyad-009	run-03	260.363636	20.000	10.985	6	coloring	egalitarian	easy	carrot	x-axis position and contact force	y-axis position and contact force	SNIRF trial-start marker; fixed 20-s task duration; completion time from behavior
dyad-009	run-03	299.545455	20.000	10.917	7	coloring	egalitarian	easy	carrot	x-axis position and contact force	y-axis position and contact force	SNIRF trial-start marker; fixed 20-s task duration; completion time from behavior
dyad-009	run-03	338.818182	20.000	12.623	8	coloring	egalitarian	easy	carrot	x-axis position and contact force	y-axis position and contact force	SNIRF trial-start marker; fixed 20-s task duration; completion time from behavior
dyad-009	run-03	378.181818	20.000	9.585	9	coloring	egalitarian	easy	carrot	x-axis position and contact force	y-axis position and contact force	SNIRF trial-start marker; fixed 20-s task duration; completion time from behavior
dyad-009	run-03	417.363636	20.000	9.481	10	coloring	egalitarian	easy	carrot	x-axis position and contact force	y-axis position and contact force	SNIRF trial-start marker; fixed 20-s task duration; completion time from behavior
dyad-009	run-03	456.454545	20.000	9.008	11	coloring	egalitarian	easy	carrot	x-axis position and contact force	y-axis position and contact force	SNIRF trial-start marker; fixed 20-s task duration; completion time from behavior
dyad-009	run-03	495.545455	20.000	9.711	12	coloring	egalitarian	easy	carrot	x-axis position and contact force	y-axis position and contact force	SNIRF trial-start marker; fixed 20-s task duration; completion time from behavior
dyad-009	run-03	534.636364	20.000	11.546	13	coloring	egalitarian	easy	carrot	x-axis position and contact force	y-axis position and contact force	SNIRF trial-start marker; fixed 20-s task duration; completion time from behavior
dyad-009	run-03	573.909091	20.000	8.500	14	coloring	egalitarian	easy	carrot	x-axis position and contact force	y-axis position and contact force	SNIRF trial-start marker; fixed 20-s task duration; completion time from behavior
dyad-009	run-03	613.000000	20.000	10.493	15	coloring	egalitarian	easy	carrot	x-axis position and contact force	y-axis position and contact force	SNIRF trial-start marker; fixed 20-s task duration; completion time from behavior
dyad-009	run-04	63.363636	20.000	9.525	1	coloring	egalitarian	hard	wave	x-axis position and contact force	y-axis position and contact force	SNIRF trial-start marker; fixed 20-s task duration; completion time from behavior
dyad-009	run-04	102.181818	20.000	12.159	2	coloring	egalitarian	hard	wave	x-axis position and contact force	y-axis position and contact force	SNIRF trial-start marker; fixed 20-s task duration; completion time from behavior
dyad-009	run-04	141.090909	20.000	9.662	3	coloring	egalitarian	hard	wave	x-axis position and contact force	y-axis position and contact force	SNIRF trial-start marker; fixed 20-s task duration; completion time from behavior
dyad-009	run-04	179.818182	20.000	10.710	4	coloring	egalitarian	hard	wave	x-axis position and contact force	y-axis position and contact force	SNIRF trial-start marker; fixed 20-s task duration; completion time from behavior
dyad-009	run-04	218.454545	20.000	9.052	5	coloring	egalitarian	hard	wave	x-axis position and contact force	y-axis position and contact force	SNIRF trial-start marker; fixed 20-s task duration; completion time from behavior
dyad-009	run-04	257.090909	20.000	11.980	6	coloring	egalitarian	hard	wave	x-axis position and contact force	y-axis position and contact force	SNIRF trial-start marker; fixed 20-s task duration; completion time from behavior
dyad-009	run-04	295.818182	20.000	10.938	7	coloring	egalitarian	hard	wave	x-axis position and contact force	y-axis position and contact force	SNIRF trial-start marker; fixed 20-s task duration; completion time from behavior
dyad-009	run-04	334.545455	20.000	10.311	8	coloring	egalitarian	hard	wave	x-axis position and contact force	y-axis position and contact force	SNIRF trial-start marker; fixed 20-s task duration; completion time from behavior
dyad-009	run-04	373.181818	20.000	9.723	9	coloring	egalitarian	hard	wave	x-axis position and contact force	y-axis position and contact force	SNIRF trial-start marker; fixed 20-s task duration; completion time from behavior
dyad-009	run-04	411.818182	20.000	9.723	10	coloring	egalitarian	hard	wave	x-axis position and contact force	y-axis position and contact force	SNIRF trial-start marker; fixed 20-s task duration; completion time from behavior
dyad-009	run-04	450.454545	20.000	9.723	11	coloring	egalitarian	hard	wave	x-axis position and contact force	y-axis position and contact force	SNIRF trial-start marker; fixed 20-s task duration; completion time from behavior
dyad-009	run-04	489.090909	20.000	9.723	12	coloring	egalitarian	hard	wave	x-axis position and contact force	y-axis position and contact force	SNIRF trial-start marker; fixed 20-s task duration; completion time from behavior
dyad-009	run-04	527.727273	20.000	10.583	13	coloring	egalitarian	hard	wave	x-axis position and contact force	y-axis position and contact force	SNIRF trial-start marker; fixed 20-s task duration; completion time from behavior
dyad-009	run-04	566.454545	20.000	10.583	14	coloring	egalitarian	hard	wave	x-axis position and contact force	y-axis position and contact force	SNIRF trial-start marker; fixed 20-s task duration; completion time from behavior
dyad-009	run-04	605.000000	20.000	9.346	15	coloring	egalitarian	hard	wave	x-axis position and contact force	y-axis position and contact force	SNIRF trial-start marker; fixed 20-s task duration; completion time from behavior
dyad-010	run-01	31.000000	20.000	6.676	1	coloring	leader-follower	easy	carrot	pattern-board pen position	applying-board contact force	SNIRF trial-start marker; fixed 20-s task duration; completion time from behavior
dyad-010	run-01	69.454545	20.000	6.002	2	coloring	leader-follower	easy	carrot	pattern-board pen position	applying-board contact force	SNIRF trial-start marker; fixed 20-s task duration; completion time from behavior
dyad-010	run-01	107.909091	20.000	5.428	3	coloring	leader-follower	easy	carrot	pattern-board pen position	applying-board contact force	SNIRF trial-start marker; fixed 20-s task duration; completion time from behavior
dyad-010	run-01	146.272727	20.000	5.000	4	coloring	leader-follower	easy	carrot	pattern-board pen position	applying-board contact force	SNIRF trial-start marker; fixed 20-s task duration; completion time from behavior
dyad-010	run-01	184.636364	20.000	5.507	5	coloring	leader-follower	easy	carrot	pattern-board pen position	applying-board contact force	SNIRF trial-start marker; fixed 20-s task duration; completion time from behavior
dyad-010	run-01	223.090909	20.000	5.477	6	coloring	leader-follower	easy	carrot	pattern-board pen position	applying-board contact force	SNIRF trial-start marker; fixed 20-s task duration; completion time from behavior
dyad-010	run-01	261.454545	20.000	5.583	7	coloring	leader-follower	easy	carrot	pattern-board pen position	applying-board contact force	SNIRF trial-start marker; fixed 20-s task duration; completion time from behavior
dyad-010	run-01	299.818182	20.000	5.487	8	coloring	leader-follower	easy	carrot	pattern-board pen position	applying-board contact force	SNIRF trial-start marker; fixed 20-s task duration; completion time from behavior
dyad-010	run-01	338.272727	20.000	5.460	9	coloring	leader-follower	easy	carrot	pattern-board pen position	applying-board contact force	SNIRF trial-start marker; fixed 20-s task duration; completion time from behavior
dyad-010	run-01	376.636364	20.000	5.889	10	coloring	leader-follower	easy	carrot	pattern-board pen position	applying-board contact force	SNIRF trial-start marker; fixed 20-s task duration; completion time from behavior
dyad-010	run-01	415.090909	20.000	5.798	11	coloring	leader-follower	easy	carrot	pattern-board pen position	applying-board contact force	SNIRF trial-start marker; fixed 20-s task duration; completion time from behavior
dyad-010	run-01	453.454545	20.000	6.082	12	coloring	leader-follower	easy	carrot	pattern-board pen position	applying-board contact force	SNIRF trial-start marker; fixed 20-s task duration; completion time from behavior
dyad-010	run-01	491.909091	20.000	5.743	13	coloring	leader-follower	easy	carrot	pattern-board pen position	applying-board contact force	SNIRF trial-start marker; fixed 20-s task duration; completion time from behavior
dyad-010	run-01	530.272727	20.000	5.743	14	coloring	leader-follower	easy	carrot	pattern-board pen position	applying-board contact force	SNIRF trial-start marker; fixed 20-s task duration; completion time from behavior
dyad-010	run-01	568.727273	20.000	5.159	15	coloring	leader-follower	easy	carrot	pattern-board pen position	applying-board contact force	SNIRF trial-start marker; fixed 20-s task duration; completion time from behavior
dyad-010	run-02	80.818182	20.000	7.246	1	coloring	leader-follower	hard	wave	pattern-board pen position	applying-board contact force	SNIRF trial-start marker; fixed 20-s task duration; completion time from behavior
dyad-010	run-02	119.272727	20.000	7.246	2	coloring	leader-follower	hard	wave	pattern-board pen position	applying-board contact force	SNIRF trial-start marker; fixed 20-s task duration; completion time from behavior
dyad-010	run-02	157.727273	20.000	6.456	3	coloring	leader-follower	hard	wave	pattern-board pen position	applying-board contact force	SNIRF trial-start marker; fixed 20-s task duration; completion time from behavior
dyad-010	run-02	196.181818	20.000	5.916	4	coloring	leader-follower	hard	wave	pattern-board pen position	applying-board contact force	SNIRF trial-start marker; fixed 20-s task duration; completion time from behavior
dyad-010	run-02	234.636364	20.000	6.795	5	coloring	leader-follower	hard	wave	pattern-board pen position	applying-board contact force	SNIRF trial-start marker; fixed 20-s task duration; completion time from behavior
dyad-010	run-02	273.090909	20.000	6.641	6	coloring	leader-follower	hard	wave	pattern-board pen position	applying-board contact force	SNIRF trial-start marker; fixed 20-s task duration; completion time from behavior
dyad-010	run-02	311.545455	20.000	5.766	7	coloring	leader-follower	hard	wave	pattern-board pen position	applying-board contact force	SNIRF trial-start marker; fixed 20-s task duration; completion time from behavior
dyad-010	run-02	350.000000	20.000	5.965	8	coloring	leader-follower	hard	wave	pattern-board pen position	applying-board contact force	SNIRF trial-start marker; fixed 20-s task duration; completion time from behavior
dyad-010	run-02	388.363636	20.000	5.847	9	coloring	leader-follower	hard	wave	pattern-board pen position	applying-board contact force	SNIRF trial-start marker; fixed 20-s task duration; completion time from behavior
dyad-010	run-02	426.818182	20.000	6.534	10	coloring	leader-follower	hard	wave	pattern-board pen position	applying-board contact force	SNIRF trial-start marker; fixed 20-s task duration; completion time from behavior
dyad-010	run-02	465.181818	20.000	6.277	11	coloring	leader-follower	hard	wave	pattern-board pen position	applying-board contact force	SNIRF trial-start marker; fixed 20-s task duration; completion time from behavior
dyad-010	run-02	503.636364	20.000	6.277	12	coloring	leader-follower	hard	wave	pattern-board pen position	applying-board contact force	SNIRF trial-start marker; fixed 20-s task duration; completion time from behavior
dyad-010	run-02	542.090909	20.000	6.126	13	coloring	leader-follower	hard	wave	pattern-board pen position	applying-board contact force	SNIRF trial-start marker; fixed 20-s task duration; completion time from behavior
dyad-010	run-02	580.545455	20.000	6.953	14	coloring	leader-follower	hard	wave	pattern-board pen position	applying-board contact force	SNIRF trial-start marker; fixed 20-s task duration; completion time from behavior
dyad-010	run-02	619.000000	20.000	6.953	15	coloring	leader-follower	hard	wave	pattern-board pen position	applying-board contact force	SNIRF trial-start marker; fixed 20-s task duration; completion time from behavior
dyad-010	run-03	32.545455	20.000	5.825	1	coloring	egalitarian	easy	carrot	x-axis position and contact force	y-axis position and contact force	SNIRF trial-start marker; fixed 20-s task duration; completion time from behavior
dyad-010	run-03	71.000000	20.000	5.461	2	coloring	egalitarian	easy	carrot	x-axis position and contact force	y-axis position and contact force	SNIRF trial-start marker; fixed 20-s task duration; completion time from behavior
dyad-010	run-03	109.363636	20.000	6.409	3	coloring	egalitarian	easy	carrot	x-axis position and contact force	y-axis position and contact force	SNIRF trial-start marker; fixed 20-s task duration; completion time from behavior
dyad-010	run-03	147.909091	20.000	5.376	4	coloring	egalitarian	easy	carrot	x-axis position and contact force	y-axis position and contact force	SNIRF trial-start marker; fixed 20-s task duration; completion time from behavior
dyad-010	run-03	186.363636	20.000	7.138	5	coloring	egalitarian	easy	carrot	x-axis position and contact force	y-axis position and contact force	SNIRF trial-start marker; fixed 20-s task duration; completion time from behavior
dyad-010	run-03	224.909091	20.000	6.363	6	coloring	egalitarian	easy	carrot	x-axis position and contact force	y-axis position and contact force	SNIRF trial-start marker; fixed 20-s task duration; completion time from behavior
dyad-010	run-03	263.454545	20.000	5.855	7	coloring	egalitarian	easy	carrot	x-axis position and contact force	y-axis position and contact force	SNIRF trial-start marker; fixed 20-s task duration; completion time from behavior
dyad-010	run-03	301.909091	20.000	5.169	8	coloring	egalitarian	easy	carrot	x-axis position and contact force	y-axis position and contact force	SNIRF trial-start marker; fixed 20-s task duration; completion time from behavior
dyad-010	run-03	340.272727	20.000	5.624	9	coloring	egalitarian	easy	carrot	x-axis position and contact force	y-axis position and contact force	SNIRF trial-start marker; fixed 20-s task duration; completion time from behavior
dyad-010	run-03	378.727273	20.000	6.037	10	coloring	egalitarian	easy	carrot	x-axis position and contact force	y-axis position and contact force	SNIRF trial-start marker; fixed 20-s task duration; completion time from behavior
dyad-010	run-03	417.181818	20.000	7.224	11	coloring	egalitarian	easy	carrot	x-axis position and contact force	y-axis position and contact force	SNIRF trial-start marker; fixed 20-s task duration; completion time from behavior
dyad-010	run-03	455.727273	20.000	6.818	12	coloring	egalitarian	easy	carrot	x-axis position and contact force	y-axis position and contact force	SNIRF trial-start marker; fixed 20-s task duration; completion time from behavior
dyad-010	run-03	494.181818	20.000	6.636	13	coloring	egalitarian	easy	carrot	x-axis position and contact force	y-axis position and contact force	SNIRF trial-start marker; fixed 20-s task duration; completion time from behavior
dyad-010	run-03	532.727273	20.000	6.944	14	coloring	egalitarian	easy	carrot	x-axis position and contact force	y-axis position and contact force	SNIRF trial-start marker; fixed 20-s task duration; completion time from behavior
dyad-010	run-03	571.181818	20.000	5.713	15	coloring	egalitarian	easy	carrot	x-axis position and contact force	y-axis position and contact force	SNIRF trial-start marker; fixed 20-s task duration; completion time from behavior
dyad-010	run-04	31.818182	20.000	7.259	1	coloring	egalitarian	hard	wave	x-axis position and contact force	y-axis position and contact force	SNIRF trial-start marker; fixed 20-s task duration; completion time from behavior
dyad-010	run-04	70.545455	20.000	7.125	2	coloring	egalitarian	hard	wave	x-axis position and contact force	y-axis position and contact force	SNIRF trial-start marker; fixed 20-s task duration; completion time from behavior
dyad-010	run-04	109.090909	20.000	7.210	3	coloring	egalitarian	hard	wave	x-axis position and contact force	y-axis position and contact force	SNIRF trial-start marker; fixed 20-s task duration; completion time from behavior
dyad-010	run-04	147.909091	20.000	7.210	4	coloring	egalitarian	hard	wave	x-axis position and contact force	y-axis position and contact force	SNIRF trial-start marker; fixed 20-s task duration; completion time from behavior
dyad-010	run-04	186.545455	20.000	6.434	5	coloring	egalitarian	hard	wave	x-axis position and contact force	y-axis position and contact force	SNIRF trial-start marker; fixed 20-s task duration; completion time from behavior
dyad-010	run-04	225.272727	20.000	7.463	6	coloring	egalitarian	hard	wave	x-axis position and contact force	y-axis position and contact force	SNIRF trial-start marker; fixed 20-s task duration; completion time from behavior
dyad-010	run-04	264.000000	20.000	6.784	7	coloring	egalitarian	hard	wave	x-axis position and contact force	y-axis position and contact force	SNIRF trial-start marker; fixed 20-s task duration; completion time from behavior
dyad-010	run-04	302.727273	20.000	6.852	8	coloring	egalitarian	hard	wave	x-axis position and contact force	y-axis position and contact force	SNIRF trial-start marker; fixed 20-s task duration; completion time from behavior
dyad-010	run-04	341.454545	20.000	6.491	9	coloring	egalitarian	hard	wave	x-axis position and contact force	y-axis position and contact force	SNIRF trial-start marker; fixed 20-s task duration; completion time from behavior
dyad-010	run-04	380.181818	20.000	7.150	10	coloring	egalitarian	hard	wave	x-axis position and contact force	y-axis position and contact force	SNIRF trial-start marker; fixed 20-s task duration; completion time from behavior
dyad-010	run-04	418.909091	20.000	6.276	11	coloring	egalitarian	hard	wave	x-axis position and contact force	y-axis position and contact force	SNIRF trial-start marker; fixed 20-s task duration; completion time from behavior
dyad-010	run-04	457.636364	20.000	6.276	12	coloring	egalitarian	hard	wave	x-axis position and contact force	y-axis position and contact force	SNIRF trial-start marker; fixed 20-s task duration; completion time from behavior
dyad-010	run-04	496.090909	20.000	6.542	13	coloring	egalitarian	hard	wave	x-axis position and contact force	y-axis position and contact force	SNIRF trial-start marker; fixed 20-s task duration; completion time from behavior
dyad-010	run-04	534.727273	20.000	6.542	14	coloring	egalitarian	hard	wave	x-axis position and contact force	y-axis position and contact force	SNIRF trial-start marker; fixed 20-s task duration; completion time from behavior
dyad-010	run-04	573.454545	20.000	7.498	15	coloring	egalitarian	hard	wave	x-axis position and contact force	y-axis position and contact force	SNIRF trial-start marker; fixed 20-s task duration; completion time from behavior
dyad-011	run-01	25.818182	20.000	9.983	1	coloring	leader-follower	easy	carrot	pattern-board pen position	applying-board contact force	SNIRF trial-start marker; fixed 20-s task duration; completion time from behavior
dyad-011	run-01	64.363636	20.000	11.087	2	coloring	leader-follower	easy	carrot	pattern-board pen position	applying-board contact force	SNIRF trial-start marker; fixed 20-s task duration; completion time from behavior
dyad-011	run-01	103.000000	20.000	11.636	3	coloring	leader-follower	easy	carrot	pattern-board pen position	applying-board contact force	SNIRF trial-start marker; fixed 20-s task duration; completion time from behavior
dyad-011	run-01	141.636364	20.000	12.577	4	coloring	leader-follower	easy	carrot	pattern-board pen position	applying-board contact force	SNIRF trial-start marker; fixed 20-s task duration; completion time from behavior
dyad-011	run-01	180.454545	20.000	13.016	5	coloring	leader-follower	easy	carrot	pattern-board pen position	applying-board contact force	SNIRF trial-start marker; fixed 20-s task duration; completion time from behavior
dyad-011	run-01	219.272727	20.000	13.016	6	coloring	leader-follower	easy	carrot	pattern-board pen position	applying-board contact force	SNIRF trial-start marker; fixed 20-s task duration; completion time from behavior
dyad-011	run-01	258.090909	20.000	12.482	7	coloring	leader-follower	easy	carrot	pattern-board pen position	applying-board contact force	SNIRF trial-start marker; fixed 20-s task duration; completion time from behavior
dyad-011	run-01	296.818182	20.000	10.710	8	coloring	leader-follower	easy	carrot	pattern-board pen position	applying-board contact force	SNIRF trial-start marker; fixed 20-s task duration; completion time from behavior
dyad-011	run-01	335.454545	20.000	10.730	9	coloring	leader-follower	easy	carrot	pattern-board pen position	applying-board contact force	SNIRF trial-start marker; fixed 20-s task duration; completion time from behavior
dyad-011	run-01	374.090909	20.000	10.359	10	coloring	leader-follower	easy	carrot	pattern-board pen position	applying-board contact force	SNIRF trial-start marker; fixed 20-s task duration; completion time from behavior
dyad-011	run-01	412.727273	20.000	9.887	11	coloring	leader-follower	easy	carrot	pattern-board pen position	applying-board contact force	SNIRF trial-start marker; fixed 20-s task duration; completion time from behavior
dyad-011	run-01	451.363636	20.000	11.624	12	coloring	leader-follower	easy	carrot	pattern-board pen position	applying-board contact force	SNIRF trial-start marker; fixed 20-s task duration; completion time from behavior
dyad-011	run-01	490.090909	20.000	10.769	13	coloring	leader-follower	easy	carrot	pattern-board pen position	applying-board contact force	SNIRF trial-start marker; fixed 20-s task duration; completion time from behavior
dyad-011	run-01	528.727273	20.000	12.335	14	coloring	leader-follower	easy	carrot	pattern-board pen position	applying-board contact force	SNIRF trial-start marker; fixed 20-s task duration; completion time from behavior
dyad-011	run-01	567.454545	20.000	12.222	15	coloring	leader-follower	easy	carrot	pattern-board pen position	applying-board contact force	SNIRF trial-start marker; fixed 20-s task duration; completion time from behavior
dyad-011	run-02	25.909091	20.000	15.692	1	coloring	leader-follower	hard	wave	pattern-board pen position	applying-board contact force	SNIRF trial-start marker; fixed 20-s task duration; completion time from behavior
dyad-011	run-02	64.818182	20.000	16.212	2	coloring	leader-follower	hard	wave	pattern-board pen position	applying-board contact force	SNIRF trial-start marker; fixed 20-s task duration; completion time from behavior
dyad-011	run-02	103.818182	20.000	15.807	3	coloring	leader-follower	hard	wave	pattern-board pen position	applying-board contact force	SNIRF trial-start marker; fixed 20-s task duration; completion time from behavior
dyad-011	run-02	142.727273	20.000	15.652	4	coloring	leader-follower	hard	wave	pattern-board pen position	applying-board contact force	SNIRF trial-start marker; fixed 20-s task duration; completion time from behavior
dyad-011	run-02	181.727273	20.000	16.372	5	coloring	leader-follower	hard	wave	pattern-board pen position	applying-board contact force	SNIRF trial-start marker; fixed 20-s task duration; completion time from behavior
dyad-011	run-02	220.727273	20.000	14.764	6	coloring	leader-follower	hard	wave	pattern-board pen position	applying-board contact force	SNIRF trial-start marker; fixed 20-s task duration; completion time from behavior
dyad-011	run-02	259.545455	20.000	13.868	7	coloring	leader-follower	hard	wave	pattern-board pen position	applying-board contact force	SNIRF trial-start marker; fixed 20-s task duration; completion time from behavior
dyad-011	run-02	298.454545	20.000	13.229	8	coloring	leader-follower	hard	wave	pattern-board pen position	applying-board contact force	SNIRF trial-start marker; fixed 20-s task duration; completion time from behavior
dyad-011	run-02	337.181818	20.000	14.175	9	coloring	leader-follower	hard	wave	pattern-board pen position	applying-board contact force	SNIRF trial-start marker; fixed 20-s task duration; completion time from behavior
dyad-011	run-02	376.090909	20.000	13.741	10	coloring	leader-follower	hard	wave	pattern-board pen position	applying-board contact force	SNIRF trial-start marker; fixed 20-s task duration; completion time from behavior
dyad-011	run-02	414.909091	20.000	14.319	11	coloring	leader-follower	hard	wave	pattern-board pen position	applying-board contact force	SNIRF trial-start marker; fixed 20-s task duration; completion time from behavior
dyad-011	run-02	453.727273	20.000	14.696	12	coloring	leader-follower	hard	wave	pattern-board pen position	applying-board contact force	SNIRF trial-start marker; fixed 20-s task duration; completion time from behavior
dyad-011	run-02	492.636364	20.000	13.525	13	coloring	leader-follower	hard	wave	pattern-board pen position	applying-board contact force	SNIRF trial-start marker; fixed 20-s task duration; completion time from behavior
dyad-011	run-02	531.454545	20.000	13.871	14	coloring	leader-follower	hard	wave	pattern-board pen position	applying-board contact force	SNIRF trial-start marker; fixed 20-s task duration; completion time from behavior
dyad-011	run-02	570.272727	20.000	15.104	15	coloring	leader-follower	hard	wave	pattern-board pen position	applying-board contact force	SNIRF trial-start marker; fixed 20-s task duration; completion time from behavior
dyad-011	run-03	100.181818	20.000	12.217	1	coloring	egalitarian	easy	carrot	x-axis position and contact force	y-axis position and contact force	SNIRF trial-start marker; fixed 20-s task duration; completion time from behavior
dyad-011	run-03	139.090909	20.000	11.654	2	coloring	egalitarian	easy	carrot	x-axis position and contact force	y-axis position and contact force	SNIRF trial-start marker; fixed 20-s task duration; completion time from behavior
dyad-011	run-03	177.909091	20.000	13.421	3	coloring	egalitarian	easy	carrot	x-axis position and contact force	y-axis position and contact force	SNIRF trial-start marker; fixed 20-s task duration; completion time from behavior
dyad-011	run-03	216.909091	20.000	10.060	4	coloring	egalitarian	easy	carrot	x-axis position and contact force	y-axis position and contact force	SNIRF trial-start marker; fixed 20-s task duration; completion time from behavior
dyad-011	run-03	255.727273	20.000	10.568	5	coloring	egalitarian	easy	carrot	x-axis position and contact force	y-axis position and contact force	SNIRF trial-start marker; fixed 20-s task duration; completion time from behavior
dyad-011	run-03	294.545455	20.000	11.379	6	coloring	egalitarian	easy	carrot	x-axis position and contact force	y-axis position and contact force	SNIRF trial-start marker; fixed 20-s task duration; completion time from behavior
dyad-011	run-03	333.363636	20.000	10.391	7	coloring	egalitarian	easy	carrot	x-axis position and contact force	y-axis position and contact force	SNIRF trial-start marker; fixed 20-s task duration; completion time from behavior
dyad-011	run-03	372.181818	20.000	11.509	8	coloring	egalitarian	easy	carrot	x-axis position and contact force	y-axis position and contact force	SNIRF trial-start marker; fixed 20-s task duration; completion time from behavior
dyad-011	run-03	411.000000	20.000	11.509	9	coloring	egalitarian	easy	carrot	x-axis position and contact force	y-axis position and contact force	SNIRF trial-start marker; fixed 20-s task duration; completion time from behavior
dyad-011	run-03	450.000000	20.000	12.161	10	coloring	egalitarian	easy	carrot	x-axis position and contact force	y-axis position and contact force	SNIRF trial-start marker; fixed 20-s task duration; completion time from behavior
dyad-011	run-03	488.818182	20.000	12.093	11	coloring	egalitarian	easy	carrot	x-axis position and contact force	y-axis position and contact force	SNIRF trial-start marker; fixed 20-s task duration; completion time from behavior
dyad-011	run-03	527.818182	20.000	11.348	12	coloring	egalitarian	easy	carrot	x-axis position and contact force	y-axis position and contact force	SNIRF trial-start marker; fixed 20-s task duration; completion time from behavior
dyad-011	run-03	566.636364	20.000	10.932	13	coloring	egalitarian	easy	carrot	x-axis position and contact force	y-axis position and contact force	SNIRF trial-start marker; fixed 20-s task duration; completion time from behavior
dyad-011	run-03	605.454545	20.000	9.719	14	coloring	egalitarian	easy	carrot	x-axis position and contact force	y-axis position and contact force	SNIRF trial-start marker; fixed 20-s task duration; completion time from behavior
dyad-011	run-03	644.181818	20.000	9.719	15	coloring	egalitarian	easy	carrot	x-axis position and contact force	y-axis position and contact force	SNIRF trial-start marker; fixed 20-s task duration; completion time from behavior
dyad-011	run-04	22.454545	20.000	11.863	1	coloring	egalitarian	hard	wave	x-axis position and contact force	y-axis position and contact force	SNIRF trial-start marker; fixed 20-s task duration; completion time from behavior
dyad-011	run-04	61.272727	20.000	12.007	2	coloring	egalitarian	hard	wave	x-axis position and contact force	y-axis position and contact force	SNIRF trial-start marker; fixed 20-s task duration; completion time from behavior
dyad-011	run-04	100.090909	20.000	13.375	3	coloring	egalitarian	hard	wave	x-axis position and contact force	y-axis position and contact force	SNIRF trial-start marker; fixed 20-s task duration; completion time from behavior
dyad-011	run-04	139.000000	20.000	11.546	4	coloring	egalitarian	hard	wave	x-axis position and contact force	y-axis position and contact force	SNIRF trial-start marker; fixed 20-s task duration; completion time from behavior
dyad-011	run-04	177.818182	20.000	11.546	5	coloring	egalitarian	hard	wave	x-axis position and contact force	y-axis position and contact force	SNIRF trial-start marker; fixed 20-s task duration; completion time from behavior
dyad-011	run-04	216.454545	20.000	12.233	6	coloring	egalitarian	hard	wave	x-axis position and contact force	y-axis position and contact force	SNIRF trial-start marker; fixed 20-s task duration; completion time from behavior
dyad-011	run-04	255.272727	20.000	11.863	7	coloring	egalitarian	hard	wave	x-axis position and contact force	y-axis position and contact force	SNIRF trial-start marker; fixed 20-s task duration; completion time from behavior
dyad-011	run-04	294.090909	20.000	12.211	8	coloring	egalitarian	hard	wave	x-axis position and contact force	y-axis position and contact force	SNIRF trial-start marker; fixed 20-s task duration; completion time from behavior
dyad-011	run-04	332.909091	20.000	10.498	9	coloring	egalitarian	hard	wave	x-axis position and contact force	y-axis position and contact force	SNIRF trial-start marker; fixed 20-s task duration; completion time from behavior
dyad-011	run-04	371.636364	20.000	12.123	10	coloring	egalitarian	hard	wave	x-axis position and contact force	y-axis position and contact force	SNIRF trial-start marker; fixed 20-s task duration; completion time from behavior
dyad-011	run-04	410.454545	20.000	10.966	11	coloring	egalitarian	hard	wave	x-axis position and contact force	y-axis position and contact force	SNIRF trial-start marker; fixed 20-s task duration; completion time from behavior
dyad-011	run-04	449.181818	20.000	11.664	12	coloring	egalitarian	hard	wave	x-axis position and contact force	y-axis position and contact force	SNIRF trial-start marker; fixed 20-s task duration; completion time from behavior
dyad-011	run-04	488.000000	20.000	11.300	13	coloring	egalitarian	hard	wave	x-axis position and contact force	y-axis position and contact force	SNIRF trial-start marker; fixed 20-s task duration; completion time from behavior
dyad-011	run-04	526.727273	20.000	12.788	14	coloring	egalitarian	hard	wave	x-axis position and contact force	y-axis position and contact force	SNIRF trial-start marker; fixed 20-s task duration; completion time from behavior
dyad-011	run-04	565.545455	20.000	11.474	15	coloring	egalitarian	hard	wave	x-axis position and contact force	y-axis position and contact force	SNIRF trial-start marker; fixed 20-s task duration; completion time from behavior
dyad-012	run-01	64.636364	20.000	9.653	1	coloring	leader-follower	easy	carrot	pattern-board pen position	applying-board contact force	SNIRF trial-start marker; fixed 20-s task duration; completion time from behavior
dyad-012	run-01	103.272727	20.000	9.774	2	coloring	leader-follower	easy	carrot	pattern-board pen position	applying-board contact force	SNIRF trial-start marker; fixed 20-s task duration; completion time from behavior
dyad-012	run-01	141.909091	20.000	7.639	3	coloring	leader-follower	easy	carrot	pattern-board pen position	applying-board contact force	SNIRF trial-start marker; fixed 20-s task duration; completion time from behavior
dyad-012	run-01	180.454545	20.000	7.245	4	coloring	leader-follower	easy	carrot	pattern-board pen position	applying-board contact force	SNIRF trial-start marker; fixed 20-s task duration; completion time from behavior
dyad-012	run-01	218.909091	20.000	6.467	5	coloring	leader-follower	easy	carrot	pattern-board pen position	applying-board contact force	SNIRF trial-start marker; fixed 20-s task duration; completion time from behavior
dyad-012	run-01	257.363636	20.000	7.040	6	coloring	leader-follower	easy	carrot	pattern-board pen position	applying-board contact force	SNIRF trial-start marker; fixed 20-s task duration; completion time from behavior
dyad-012	run-01	295.818182	20.000	6.368	7	coloring	leader-follower	easy	carrot	pattern-board pen position	applying-board contact force	SNIRF trial-start marker; fixed 20-s task duration; completion time from behavior
dyad-012	run-01	334.272727	20.000	6.392	8	coloring	leader-follower	easy	carrot	pattern-board pen position	applying-board contact force	SNIRF trial-start marker; fixed 20-s task duration; completion time from behavior
dyad-012	run-01	372.727273	20.000	7.204	9	coloring	leader-follower	easy	carrot	pattern-board pen position	applying-board contact force	SNIRF trial-start marker; fixed 20-s task duration; completion time from behavior
dyad-012	run-01	411.181818	20.000	6.863	10	coloring	leader-follower	easy	carrot	pattern-board pen position	applying-board contact force	SNIRF trial-start marker; fixed 20-s task duration; completion time from behavior
dyad-012	run-01	449.636364	20.000	6.674	11	coloring	leader-follower	easy	carrot	pattern-board pen position	applying-board contact force	SNIRF trial-start marker; fixed 20-s task duration; completion time from behavior
dyad-012	run-01	488.090909	20.000	7.355	12	coloring	leader-follower	easy	carrot	pattern-board pen position	applying-board contact force	SNIRF trial-start marker; fixed 20-s task duration; completion time from behavior
dyad-012	run-01	526.636364	20.000	7.049	13	coloring	leader-follower	easy	carrot	pattern-board pen position	applying-board contact force	SNIRF trial-start marker; fixed 20-s task duration; completion time from behavior
dyad-012	run-01	565.181818	20.000	8.057	14	coloring	leader-follower	easy	carrot	pattern-board pen position	applying-board contact force	SNIRF trial-start marker; fixed 20-s task duration; completion time from behavior
dyad-012	run-01	603.636364	20.000	7.802	15	coloring	leader-follower	easy	carrot	pattern-board pen position	applying-board contact force	SNIRF trial-start marker; fixed 20-s task duration; completion time from behavior
dyad-012	run-02	65.090909	20.000	10.567	1	coloring	leader-follower	hard	wave	pattern-board pen position	applying-board contact force	SNIRF trial-start marker; fixed 20-s task duration; completion time from behavior
dyad-012	run-02	103.727273	20.000	9.706	2	coloring	leader-follower	hard	wave	pattern-board pen position	applying-board contact force	SNIRF trial-start marker; fixed 20-s task duration; completion time from behavior
dyad-012	run-02	142.363636	20.000	11.865	3	coloring	leader-follower	hard	wave	pattern-board pen position	applying-board contact force	SNIRF trial-start marker; fixed 20-s task duration; completion time from behavior
dyad-012	run-02	181.090909	20.000	10.922	4	coloring	leader-follower	hard	wave	pattern-board pen position	applying-board contact force	SNIRF trial-start marker; fixed 20-s task duration; completion time from behavior
dyad-012	run-02	219.818182	20.000	10.239	5	coloring	leader-follower	hard	wave	pattern-board pen position	applying-board contact force	SNIRF trial-start marker; fixed 20-s task duration; completion time from behavior
dyad-012	run-02	258.545455	20.000	11.391	6	coloring	leader-follower	hard	wave	pattern-board pen position	applying-board contact force	SNIRF trial-start marker; fixed 20-s task duration; completion time from behavior
dyad-012	run-02	297.272727	20.000	9.516	7	coloring	leader-follower	hard	wave	pattern-board pen position	applying-board contact force	SNIRF trial-start marker; fixed 20-s task duration; completion time from behavior
dyad-012	run-02	335.909091	20.000	11.229	8	coloring	leader-follower	hard	wave	pattern-board pen position	applying-board contact force	SNIRF trial-start marker; fixed 20-s task duration; completion time from behavior
dyad-012	run-02	374.545455	20.000	9.329	9	coloring	leader-follower	hard	wave	pattern-board pen position	applying-board contact force	SNIRF trial-start marker; fixed 20-s task duration; completion time from behavior
dyad-012	run-02	413.181818	20.000	10.623	10	coloring	leader-follower	hard	wave	pattern-board pen position	applying-board contact force	SNIRF trial-start marker; fixed 20-s task duration; completion time from behavior
dyad-012	run-02	451.909091	20.000	10.567	11	coloring	leader-follower	hard	wave	pattern-board pen position	applying-board contact force	SNIRF trial-start marker; fixed 20-s task duration; completion time from behavior
dyad-012	run-02	490.545455	20.000	10.239	12	coloring	leader-follower	hard	wave	pattern-board pen position	applying-board contact force	SNIRF trial-start marker; fixed 20-s task duration; completion time from behavior
dyad-012	run-02	529.181818	20.000	9.148	13	coloring	leader-follower	hard	wave	pattern-board pen position	applying-board contact force	SNIRF trial-start marker; fixed 20-s task duration; completion time from behavior
dyad-012	run-02	567.818182	20.000	11.038	14	coloring	leader-follower	hard	wave	pattern-board pen position	applying-board contact force	SNIRF trial-start marker; fixed 20-s task duration; completion time from behavior
dyad-012	run-02	606.545455	20.000	10.067	15	coloring	leader-follower	hard	wave	pattern-board pen position	applying-board contact force	SNIRF trial-start marker; fixed 20-s task duration; completion time from behavior
dyad-012	run-03	63.000000	20.000	7.029	1	coloring	egalitarian	easy	carrot	x-axis position and contact force	y-axis position and contact force	SNIRF trial-start marker; fixed 20-s task duration; completion time from behavior
dyad-012	run-03	101.454545	20.000	7.603	2	coloring	egalitarian	easy	carrot	x-axis position and contact force	y-axis position and contact force	SNIRF trial-start marker; fixed 20-s task duration; completion time from behavior
dyad-012	run-03	139.909091	20.000	7.367	3	coloring	egalitarian	easy	carrot	x-axis position and contact force	y-axis position and contact force	SNIRF trial-start marker; fixed 20-s task duration; completion time from behavior
dyad-012	run-03	178.454545	20.000	7.272	4	coloring	egalitarian	easy	carrot	x-axis position and contact force	y-axis position and contact force	SNIRF trial-start marker; fixed 20-s task duration; completion time from behavior
dyad-012	run-03	217.000000	20.000	7.344	5	coloring	egalitarian	easy	carrot	x-axis position and contact force	y-axis position and contact force	SNIRF trial-start marker; fixed 20-s task duration; completion time from behavior
dyad-012	run-03	255.545455	20.000	9.251	6	coloring	egalitarian	easy	carrot	x-axis position and contact force	y-axis position and contact force	SNIRF trial-start marker; fixed 20-s task duration; completion time from behavior
dyad-012	run-03	294.181818	20.000	9.251	7	coloring	egalitarian	easy	carrot	x-axis position and contact force	y-axis position and contact force	SNIRF trial-start marker; fixed 20-s task duration; completion time from behavior
dyad-012	run-03	332.636364	20.000	8.259	8	coloring	egalitarian	easy	carrot	x-axis position and contact force	y-axis position and contact force	SNIRF trial-start marker; fixed 20-s task duration; completion time from behavior
dyad-012	run-03	371.272727	20.000	10.064	9	coloring	egalitarian	easy	carrot	x-axis position and contact force	y-axis position and contact force	SNIRF trial-start marker; fixed 20-s task duration; completion time from behavior
dyad-012	run-03	410.000000	20.000	7.881	10	coloring	egalitarian	easy	carrot	x-axis position and contact force	y-axis position and contact force	SNIRF trial-start marker; fixed 20-s task duration; completion time from behavior
dyad-012	run-03	448.545455	20.000	9.574	11	coloring	egalitarian	easy	carrot	x-axis position and contact force	y-axis position and contact force	SNIRF trial-start marker; fixed 20-s task duration; completion time from behavior
dyad-012	run-03	487.181818	20.000	9.574	12	coloring	egalitarian	easy	carrot	x-axis position and contact force	y-axis position and contact force	SNIRF trial-start marker; fixed 20-s task duration; completion time from behavior
dyad-012	run-03	525.818182	20.000	9.574	13	coloring	egalitarian	easy	carrot	x-axis position and contact force	y-axis position and contact force	SNIRF trial-start marker; fixed 20-s task duration; completion time from behavior
dyad-012	run-03	564.454545	20.000	9.321	14	coloring	egalitarian	easy	carrot	x-axis position and contact force	y-axis position and contact force	SNIRF trial-start marker; fixed 20-s task duration; completion time from behavior
dyad-012	run-03	603.090909	20.000	10.729	15	coloring	egalitarian	easy	carrot	x-axis position and contact force	y-axis position and contact force	SNIRF trial-start marker; fixed 20-s task duration; completion time from behavior
dyad-012	run-04	34.272727	20.000	10.585	1	coloring	egalitarian	hard	wave	x-axis position and contact force	y-axis position and contact force	SNIRF trial-start marker; fixed 20-s task duration; completion time from behavior
dyad-012	run-04	73.000000	20.000	10.585	2	coloring	egalitarian	hard	wave	x-axis position and contact force	y-axis position and contact force	SNIRF trial-start marker; fixed 20-s task duration; completion time from behavior
dyad-012	run-04	111.818182	20.000	12.972	3	coloring	egalitarian	hard	wave	x-axis position and contact force	y-axis position and contact force	SNIRF trial-start marker; fixed 20-s task duration; completion time from behavior
dyad-012	run-04	150.727273	20.000	13.334	4	coloring	egalitarian	hard	wave	x-axis position and contact force	y-axis position and contact force	SNIRF trial-start marker; fixed 20-s task duration; completion time from behavior
dyad-012	run-04	189.636364	20.000	13.172	5	coloring	egalitarian	hard	wave	x-axis position and contact force	y-axis position and contact force	SNIRF trial-start marker; fixed 20-s task duration; completion time from behavior
dyad-012	run-04	228.636364	20.000	14.771	6	coloring	egalitarian	hard	wave	x-axis position and contact force	y-axis position and contact force	SNIRF trial-start marker; fixed 20-s task duration; completion time from behavior
dyad-012	run-04	267.727273	20.000	12.858	7	coloring	egalitarian	hard	wave	x-axis position and contact force	y-axis position and contact force	SNIRF trial-start marker; fixed 20-s task duration; completion time from behavior
dyad-012	run-04	306.727273	20.000	12.858	8	coloring	egalitarian	hard	wave	x-axis position and contact force	y-axis position and contact force	SNIRF trial-start marker; fixed 20-s task duration; completion time from behavior
dyad-012	run-04	345.727273	20.000	15.399	9	coloring	egalitarian	hard	wave	x-axis position and contact force	y-axis position and contact force	SNIRF trial-start marker; fixed 20-s task duration; completion time from behavior
dyad-012	run-04	384.818182	20.000	13.866	10	coloring	egalitarian	hard	wave	x-axis position and contact force	y-axis position and contact force	SNIRF trial-start marker; fixed 20-s task duration; completion time from behavior
dyad-012	run-04	423.727273	20.000	12.607	11	coloring	egalitarian	hard	wave	x-axis position and contact force	y-axis position and contact force	SNIRF trial-start marker; fixed 20-s task duration; completion time from behavior
dyad-012	run-04	462.636364	20.000	12.607	12	coloring	egalitarian	hard	wave	x-axis position and contact force	y-axis position and contact force	SNIRF trial-start marker; fixed 20-s task duration; completion time from behavior
dyad-012	run-04	501.454545	20.000	13.515	13	coloring	egalitarian	hard	wave	x-axis position and contact force	y-axis position and contact force	SNIRF trial-start marker; fixed 20-s task duration; completion time from behavior
dyad-012	run-04	540.454545	20.000	14.217	14	coloring	egalitarian	hard	wave	x-axis position and contact force	y-axis position and contact force	SNIRF trial-start marker; fixed 20-s task duration; completion time from behavior
dyad-012	run-04	579.454545	20.000	11.402	15	coloring	egalitarian	hard	wave	x-axis position and contact force	y-axis position and contact force	SNIRF trial-start marker; fixed 20-s task duration; completion time from behavior
dyad-013	run-01	25.181818	20.000	10.568	1	coloring	leader-follower	easy	carrot	pattern-board pen position	applying-board contact force	SNIRF trial-start marker; fixed 20-s task duration; completion time from behavior
dyad-013	run-01	63.909091	20.000	8.593	2	coloring	leader-follower	easy	carrot	pattern-board pen position	applying-board contact force	SNIRF trial-start marker; fixed 20-s task duration; completion time from behavior
dyad-013	run-01	102.545455	20.000	8.624	3	coloring	leader-follower	easy	carrot	pattern-board pen position	applying-board contact force	SNIRF trial-start marker; fixed 20-s task duration; completion time from behavior
dyad-013	run-01	141.181818	20.000	6.897	4	coloring	leader-follower	easy	carrot	pattern-board pen position	applying-board contact force	SNIRF trial-start marker; fixed 20-s task duration; completion time from behavior
dyad-013	run-01	179.727273	20.000	7.317	5	coloring	leader-follower	easy	carrot	pattern-board pen position	applying-board contact force	SNIRF trial-start marker; fixed 20-s task duration; completion time from behavior
dyad-013	run-01	218.272727	20.000	7.143	6	coloring	leader-follower	easy	carrot	pattern-board pen position	applying-board contact force	SNIRF trial-start marker; fixed 20-s task duration; completion time from behavior
dyad-013	run-01	256.818182	20.000	6.512	7	coloring	leader-follower	easy	carrot	pattern-board pen position	applying-board contact force	SNIRF trial-start marker; fixed 20-s task duration; completion time from behavior
dyad-013	run-01	295.272727	20.000	10.798	8	coloring	leader-follower	easy	carrot	pattern-board pen position	applying-board contact force	SNIRF trial-start marker; fixed 20-s task duration; completion time from behavior
dyad-013	run-01	334.090909	20.000	9.198	9	coloring	leader-follower	easy	carrot	pattern-board pen position	applying-board contact force	SNIRF trial-start marker; fixed 20-s task duration; completion time from behavior
dyad-013	run-01	372.727273	20.000	7.808	10	coloring	leader-follower	easy	carrot	pattern-board pen position	applying-board contact force	SNIRF trial-start marker; fixed 20-s task duration; completion time from behavior
dyad-013	run-01	411.363636	20.000	8.103	11	coloring	leader-follower	easy	carrot	pattern-board pen position	applying-board contact force	SNIRF trial-start marker; fixed 20-s task duration; completion time from behavior
dyad-013	run-01	450.000000	20.000	8.848	12	coloring	leader-follower	easy	carrot	pattern-board pen position	applying-board contact force	SNIRF trial-start marker; fixed 20-s task duration; completion time from behavior
dyad-013	run-01	488.636364	20.000	8.587	13	coloring	leader-follower	easy	carrot	pattern-board pen position	applying-board contact force	SNIRF trial-start marker; fixed 20-s task duration; completion time from behavior
dyad-013	run-01	527.272727	20.000	7.253	14	coloring	leader-follower	easy	carrot	pattern-board pen position	applying-board contact force	SNIRF trial-start marker; fixed 20-s task duration; completion time from behavior
dyad-013	run-01	565.818182	20.000	7.403	15	coloring	leader-follower	easy	carrot	pattern-board pen position	applying-board contact force	SNIRF trial-start marker; fixed 20-s task duration; completion time from behavior
dyad-013	run-02	23.545455	20.000	13.561	1	coloring	leader-follower	hard	wave	pattern-board pen position	applying-board contact force	SNIRF trial-start marker; fixed 20-s task duration; completion time from behavior
dyad-013	run-02	62.363636	20.000	14.327	2	coloring	leader-follower	hard	wave	pattern-board pen position	applying-board contact force	SNIRF trial-start marker; fixed 20-s task duration; completion time from behavior
dyad-013	run-02	101.363636	20.000	14.327	3	coloring	leader-follower	hard	wave	pattern-board pen position	applying-board contact force	SNIRF trial-start marker; fixed 20-s task duration; completion time from behavior
dyad-013	run-02	140.181818	20.000	14.327	4	coloring	leader-follower	hard	wave	pattern-board pen position	applying-board contact force	SNIRF trial-start marker; fixed 20-s task duration; completion time from behavior
dyad-013	run-02	179.090909	20.000	13.214	5	coloring	leader-follower	hard	wave	pattern-board pen position	applying-board contact force	SNIRF trial-start marker; fixed 20-s task duration; completion time from behavior
dyad-013	run-02	217.909091	20.000	14.661	6	coloring	leader-follower	hard	wave	pattern-board pen position	applying-board contact force	SNIRF trial-start marker; fixed 20-s task duration; completion time from behavior
dyad-013	run-02	256.818182	20.000	11.886	7	coloring	leader-follower	hard	wave	pattern-board pen position	applying-board contact force	SNIRF trial-start marker; fixed 20-s task duration; completion time from behavior
dyad-013	run-02	295.545455	20.000	11.886	8	coloring	leader-follower	hard	wave	pattern-board pen position	applying-board contact force	SNIRF trial-start marker; fixed 20-s task duration; completion time from behavior
dyad-013	run-02	334.272727	20.000	8.768	9	coloring	leader-follower	hard	wave	pattern-board pen position	applying-board contact force	SNIRF trial-start marker; fixed 20-s task duration; completion time from behavior
dyad-013	run-02	372.909091	20.000	9.497	10	coloring	leader-follower	hard	wave	pattern-board pen position	applying-board contact force	SNIRF trial-start marker; fixed 20-s task duration; completion time from behavior
dyad-013	run-02	411.454545	20.000	11.702	11	coloring	leader-follower	hard	wave	pattern-board pen position	applying-board contact force	SNIRF trial-start marker; fixed 20-s task duration; completion time from behavior
dyad-013	run-02	450.181818	20.000	13.253	12	coloring	leader-follower	hard	wave	pattern-board pen position	applying-board contact force	SNIRF trial-start marker; fixed 20-s task duration; completion time from behavior
dyad-013	run-02	489.000000	20.000	11.435	13	coloring	leader-follower	hard	wave	pattern-board pen position	applying-board contact force	SNIRF trial-start marker; fixed 20-s task duration; completion time from behavior
dyad-013	run-02	527.727273	20.000	11.841	14	coloring	leader-follower	hard	wave	pattern-board pen position	applying-board contact force	SNIRF trial-start marker; fixed 20-s task duration; completion time from behavior
dyad-013	run-02	566.454545	20.000	10.568	15	coloring	leader-follower	hard	wave	pattern-board pen position	applying-board contact force	SNIRF trial-start marker; fixed 20-s task duration; completion time from behavior
dyad-013	run-03	27.636364	20.000	5.765	1	coloring	egalitarian	easy	carrot	x-axis position and contact force	y-axis position and contact force	SNIRF trial-start marker; fixed 20-s task duration; completion time from behavior
dyad-013	run-03	66.090909	20.000	5.765	2	coloring	egalitarian	easy	carrot	x-axis position and contact force	y-axis position and contact force	SNIRF trial-start marker; fixed 20-s task duration; completion time from behavior
dyad-013	run-03	104.545455	20.000	5.765	3	coloring	egalitarian	easy	carrot	x-axis position and contact force	y-axis position and contact force	SNIRF trial-start marker; fixed 20-s task duration; completion time from behavior
dyad-013	run-03	143.000000	20.000	5.765	4	coloring	egalitarian	easy	carrot	x-axis position and contact force	y-axis position and contact force	SNIRF trial-start marker; fixed 20-s task duration; completion time from behavior
dyad-013	run-03	181.545455	20.000	8.327	5	coloring	egalitarian	easy	carrot	x-axis position and contact force	y-axis position and contact force	SNIRF trial-start marker; fixed 20-s task duration; completion time from behavior
dyad-013	run-03	220.090909	20.000	8.359	6	coloring	egalitarian	easy	carrot	x-axis position and contact force	y-axis position and contact force	SNIRF trial-start marker; fixed 20-s task duration; completion time from behavior
dyad-013	run-03	258.727273	20.000	8.359	7	coloring	egalitarian	easy	carrot	x-axis position and contact force	y-axis position and contact force	SNIRF trial-start marker; fixed 20-s task duration; completion time from behavior
dyad-013	run-03	297.181818	20.000	6.740	8	coloring	egalitarian	easy	carrot	x-axis position and contact force	y-axis position and contact force	SNIRF trial-start marker; fixed 20-s task duration; completion time from behavior
dyad-013	run-03	335.727273	20.000	7.926	9	coloring	egalitarian	easy	carrot	x-axis position and contact force	y-axis position and contact force	SNIRF trial-start marker; fixed 20-s task duration; completion time from behavior
dyad-013	run-03	374.272727	20.000	7.734	10	coloring	egalitarian	easy	carrot	x-axis position and contact force	y-axis position and contact force	SNIRF trial-start marker; fixed 20-s task duration; completion time from behavior
dyad-013	run-03	412.909091	20.000	7.734	11	coloring	egalitarian	easy	carrot	x-axis position and contact force	y-axis position and contact force	SNIRF trial-start marker; fixed 20-s task duration; completion time from behavior
dyad-013	run-03	451.363636	20.000	7.781	12	coloring	egalitarian	easy	carrot	x-axis position and contact force	y-axis position and contact force	SNIRF trial-start marker; fixed 20-s task duration; completion time from behavior
dyad-013	run-03	490.000000	20.000	7.336	13	coloring	egalitarian	easy	carrot	x-axis position and contact force	y-axis position and contact force	SNIRF trial-start marker; fixed 20-s task duration; completion time from behavior
dyad-013	run-03	528.545455	20.000	8.147	14	coloring	egalitarian	easy	carrot	x-axis position and contact force	y-axis position and contact force	SNIRF trial-start marker; fixed 20-s task duration; completion time from behavior
dyad-013	run-03	567.090909	20.000	8.799	15	coloring	egalitarian	easy	carrot	x-axis position and contact force	y-axis position and contact force	SNIRF trial-start marker; fixed 20-s task duration; completion time from behavior
dyad-013	run-04	76.454545	20.000	10.963	1	coloring	egalitarian	hard	wave	x-axis position and contact force	y-axis position and contact force	SNIRF trial-start marker; fixed 20-s task duration; completion time from behavior
dyad-013	run-04	115.181818	20.000	8.897	2	coloring	egalitarian	hard	wave	x-axis position and contact force	y-axis position and contact force	SNIRF trial-start marker; fixed 20-s task duration; completion time from behavior
dyad-013	run-04	153.818182	20.000	11.290	3	coloring	egalitarian	hard	wave	x-axis position and contact force	y-axis position and contact force	SNIRF trial-start marker; fixed 20-s task duration; completion time from behavior
dyad-013	run-04	192.545455	20.000	11.865	4	coloring	egalitarian	hard	wave	x-axis position and contact force	y-axis position and contact force	SNIRF trial-start marker; fixed 20-s task duration; completion time from behavior
dyad-013	run-04	231.363636	20.000	12.529	5	coloring	egalitarian	hard	wave	x-axis position and contact force	y-axis position and contact force	SNIRF trial-start marker; fixed 20-s task duration; completion time from behavior
dyad-013	run-04	270.181818	20.000	12.068	6	coloring	egalitarian	hard	wave	x-axis position and contact force	y-axis position and contact force	SNIRF trial-start marker; fixed 20-s task duration; completion time from behavior
dyad-013	run-04	309.000000	20.000	11.746	7	coloring	egalitarian	hard	wave	x-axis position and contact force	y-axis position and contact force	SNIRF trial-start marker; fixed 20-s task duration; completion time from behavior
dyad-013	run-04	347.727273	20.000	12.621	8	coloring	egalitarian	hard	wave	x-axis position and contact force	y-axis position and contact force	SNIRF trial-start marker; fixed 20-s task duration; completion time from behavior
dyad-013	run-04	386.545455	20.000	11.298	9	coloring	egalitarian	hard	wave	x-axis position and contact force	y-axis position and contact force	SNIRF trial-start marker; fixed 20-s task duration; completion time from behavior
dyad-013	run-04	425.272727	20.000	13.120	10	coloring	egalitarian	hard	wave	x-axis position and contact force	y-axis position and contact force	SNIRF trial-start marker; fixed 20-s task duration; completion time from behavior
dyad-013	run-04	464.090909	20.000	11.941	11	coloring	egalitarian	hard	wave	x-axis position and contact force	y-axis position and contact force	SNIRF trial-start marker; fixed 20-s task duration; completion time from behavior
dyad-013	run-04	502.909091	20.000	13.091	12	coloring	egalitarian	hard	wave	x-axis position and contact force	y-axis position and contact force	SNIRF trial-start marker; fixed 20-s task duration; completion time from behavior
dyad-013	run-04	541.727273	20.000	13.091	13	coloring	egalitarian	hard	wave	x-axis position and contact force	y-axis position and contact force	SNIRF trial-start marker; fixed 20-s task duration; completion time from behavior
dyad-013	run-04	580.272727	20.000	13.091	14	coloring	egalitarian	hard	wave	x-axis position and contact force	y-axis position and contact force	SNIRF trial-start marker; fixed 20-s task duration; completion time from behavior
dyad-013	run-04	619.090909	20.000	9.040	15	coloring	egalitarian	hard	wave	x-axis position and contact force	y-axis position and contact force	SNIRF trial-start marker; fixed 20-s task duration; completion time from behavior
dyad-014	run-01	61.727273	20.000	5.632	1	coloring	leader-follower	easy	carrot	pattern-board pen position	applying-board contact force	SNIRF trial-start marker; fixed 20-s task duration; completion time from behavior
dyad-014	run-01	100.181818	20.000	7.161	2	coloring	leader-follower	easy	carrot	pattern-board pen position	applying-board contact force	SNIRF trial-start marker; fixed 20-s task duration; completion time from behavior
dyad-014	run-01	138.636364	20.000	7.768	3	coloring	leader-follower	easy	carrot	pattern-board pen position	applying-board contact force	SNIRF trial-start marker; fixed 20-s task duration; completion time from behavior
dyad-014	run-01	177.181818	20.000	7.499	4	coloring	leader-follower	easy	carrot	pattern-board pen position	applying-board contact force	SNIRF trial-start marker; fixed 20-s task duration; completion time from behavior
dyad-014	run-01	215.727273	20.000	7.678	5	coloring	leader-follower	easy	carrot	pattern-board pen position	applying-board contact force	SNIRF trial-start marker; fixed 20-s task duration; completion time from behavior
dyad-014	run-01	254.272727	20.000	8.192	6	coloring	leader-follower	easy	carrot	pattern-board pen position	applying-board contact force	SNIRF trial-start marker; fixed 20-s task duration; completion time from behavior
dyad-014	run-01	292.818182	20.000	9.225	7	coloring	leader-follower	easy	carrot	pattern-board pen position	applying-board contact force	SNIRF trial-start marker; fixed 20-s task duration; completion time from behavior
dyad-014	run-01	331.454545	20.000	9.987	8	coloring	leader-follower	easy	carrot	pattern-board pen position	applying-board contact force	SNIRF trial-start marker; fixed 20-s task duration; completion time from behavior
dyad-014	run-01	370.090909	20.000	8.407	9	coloring	leader-follower	easy	carrot	pattern-board pen position	applying-board contact force	SNIRF trial-start marker; fixed 20-s task duration; completion time from behavior
dyad-014	run-01	408.636364	20.000	8.167	10	coloring	leader-follower	easy	carrot	pattern-board pen position	applying-board contact force	SNIRF trial-start marker; fixed 20-s task duration; completion time from behavior
dyad-014	run-01	447.181818	20.000	6.500	11	coloring	leader-follower	easy	carrot	pattern-board pen position	applying-board contact force	SNIRF trial-start marker; fixed 20-s task duration; completion time from behavior
dyad-014	run-01	485.727273	20.000	7.596	12	coloring	leader-follower	easy	carrot	pattern-board pen position	applying-board contact force	SNIRF trial-start marker; fixed 20-s task duration; completion time from behavior
dyad-014	run-01	524.181818	20.000	6.243	13	coloring	leader-follower	easy	carrot	pattern-board pen position	applying-board contact force	SNIRF trial-start marker; fixed 20-s task duration; completion time from behavior
dyad-014	run-01	562.636364	20.000	7.140	14	coloring	leader-follower	easy	carrot	pattern-board pen position	applying-board contact force	SNIRF trial-start marker; fixed 20-s task duration; completion time from behavior
dyad-014	run-01	601.090909	20.000	7.983	15	coloring	leader-follower	easy	carrot	pattern-board pen position	applying-board contact force	SNIRF trial-start marker; fixed 20-s task duration; completion time from behavior
dyad-014	run-02	27.636364	20.000	11.267	1	coloring	leader-follower	hard	wave	pattern-board pen position	applying-board contact force	SNIRF trial-start marker; fixed 20-s task duration; completion time from behavior
dyad-014	run-02	66.545455	20.000	13.347	2	coloring	leader-follower	hard	wave	pattern-board pen position	applying-board contact force	SNIRF trial-start marker; fixed 20-s task duration; completion time from behavior
dyad-014	run-02	105.363636	20.000	12.394	3	coloring	leader-follower	hard	wave	pattern-board pen position	applying-board contact force	SNIRF trial-start marker; fixed 20-s task duration; completion time from behavior
dyad-014	run-02	144.181818	20.000	12.619	4	coloring	leader-follower	hard	wave	pattern-board pen position	applying-board contact force	SNIRF trial-start marker; fixed 20-s task duration; completion time from behavior
dyad-014	run-02	183.000000	20.000	9.197	5	coloring	leader-follower	hard	wave	pattern-board pen position	applying-board contact force	SNIRF trial-start marker; fixed 20-s task duration; completion time from behavior
dyad-014	run-02	221.545455	20.000	10.736	6	coloring	leader-follower	hard	wave	pattern-board pen position	applying-board contact force	SNIRF trial-start marker; fixed 20-s task duration; completion time from behavior
dyad-014	run-02	260.272727	20.000	12.548	7	coloring	leader-follower	hard	wave	pattern-board pen position	applying-board contact force	SNIRF trial-start marker; fixed 20-s task duration; completion time from behavior
dyad-014	run-02	299.090909	20.000	11.913	8	coloring	leader-follower	hard	wave	pattern-board pen position	applying-board contact force	SNIRF trial-start marker; fixed 20-s task duration; completion time from behavior
dyad-014	run-02	337.909091	20.000	13.064	9	coloring	leader-follower	hard	wave	pattern-board pen position	applying-board contact force	SNIRF trial-start marker; fixed 20-s task duration; completion time from behavior
dyad-014	run-02	376.727273	20.000	12.360	10	coloring	leader-follower	hard	wave	pattern-board pen position	applying-board contact force	SNIRF trial-start marker; fixed 20-s task duration; completion time from behavior
dyad-014	run-02	415.454545	20.000	11.584	11	coloring	leader-follower	hard	wave	pattern-board pen position	applying-board contact force	SNIRF trial-start marker; fixed 20-s task duration; completion time from behavior
dyad-014	run-02	454.272727	20.000	13.796	12	coloring	leader-follower	hard	wave	pattern-board pen position	applying-board contact force	SNIRF trial-start marker; fixed 20-s task duration; completion time from behavior
dyad-014	run-02	493.090909	20.000	13.427	13	coloring	leader-follower	hard	wave	pattern-board pen position	applying-board contact force	SNIRF trial-start marker; fixed 20-s task duration; completion time from behavior
dyad-014	run-02	532.000000	20.000	12.489	14	coloring	leader-follower	hard	wave	pattern-board pen position	applying-board contact force	SNIRF trial-start marker; fixed 20-s task duration; completion time from behavior
dyad-014	run-02	570.727273	20.000	12.967	15	coloring	leader-follower	hard	wave	pattern-board pen position	applying-board contact force	SNIRF trial-start marker; fixed 20-s task duration; completion time from behavior
dyad-014	run-03	23.181818	20.000	13.730	1	coloring	egalitarian	easy	carrot	x-axis position and contact force	y-axis position and contact force	SNIRF trial-start marker; fixed 20-s task duration; completion time from behavior
dyad-014	run-03	62.090909	20.000	13.730	2	coloring	egalitarian	easy	carrot	x-axis position and contact force	y-axis position and contact force	SNIRF trial-start marker; fixed 20-s task duration; completion time from behavior
dyad-014	run-03	100.454545	20.000	13.833	3	coloring	egalitarian	easy	carrot	x-axis position and contact force	y-axis position and contact force	SNIRF trial-start marker; fixed 20-s task duration; completion time from behavior
dyad-014	run-03	139.363636	20.000	13.833	4	coloring	egalitarian	easy	carrot	x-axis position and contact force	y-axis position and contact force	SNIRF trial-start marker; fixed 20-s task duration; completion time from behavior
dyad-014	run-03	178.000000	20.000	13.512	5	coloring	egalitarian	easy	carrot	x-axis position and contact force	y-axis position and contact force	SNIRF trial-start marker; fixed 20-s task duration; completion time from behavior
dyad-014	run-03	216.909091	20.000	13.307	6	coloring	egalitarian	easy	carrot	x-axis position and contact force	y-axis position and contact force	SNIRF trial-start marker; fixed 20-s task duration; completion time from behavior
dyad-014	run-03	255.727273	20.000	10.793	7	coloring	egalitarian	easy	carrot	x-axis position and contact force	y-axis position and contact force	SNIRF trial-start marker; fixed 20-s task duration; completion time from behavior
dyad-014	run-03	294.363636	20.000	12.946	8	coloring	egalitarian	easy	carrot	x-axis position and contact force	y-axis position and contact force	SNIRF trial-start marker; fixed 20-s task duration; completion time from behavior
dyad-014	run-03	333.181818	20.000	10.069	9	coloring	egalitarian	easy	carrot	x-axis position and contact force	y-axis position and contact force	SNIRF trial-start marker; fixed 20-s task duration; completion time from behavior
dyad-014	run-03	371.818182	20.000	6.698	10	coloring	egalitarian	easy	carrot	x-axis position and contact force	y-axis position and contact force	SNIRF trial-start marker; fixed 20-s task duration; completion time from behavior
dyad-014	run-03	410.272727	20.000	9.800	11	coloring	egalitarian	easy	carrot	x-axis position and contact force	y-axis position and contact force	SNIRF trial-start marker; fixed 20-s task duration; completion time from behavior
dyad-014	run-03	448.909091	20.000	10.524	12	coloring	egalitarian	easy	carrot	x-axis position and contact force	y-axis position and contact force	SNIRF trial-start marker; fixed 20-s task duration; completion time from behavior
dyad-014	run-03	487.636364	20.000	10.846	13	coloring	egalitarian	easy	carrot	x-axis position and contact force	y-axis position and contact force	SNIRF trial-start marker; fixed 20-s task duration; completion time from behavior
dyad-014	run-03	526.272727	20.000	10.595	14	coloring	egalitarian	easy	carrot	x-axis position and contact force	y-axis position and contact force	SNIRF trial-start marker; fixed 20-s task duration; completion time from behavior
dyad-014	run-03	565.000000	20.000	11.316	15	coloring	egalitarian	easy	carrot	x-axis position and contact force	y-axis position and contact force	SNIRF trial-start marker; fixed 20-s task duration; completion time from behavior
dyad-014	run-04	36.636364	20.000	11.320	1	coloring	egalitarian	hard	wave	x-axis position and contact force	y-axis position and contact force	SNIRF trial-start marker; fixed 20-s task duration; completion time from behavior
dyad-014	run-04	75.363636	20.000	10.875	2	coloring	egalitarian	hard	wave	x-axis position and contact force	y-axis position and contact force	SNIRF trial-start marker; fixed 20-s task duration; completion time from behavior
dyad-014	run-04	114.000000	20.000	12.630	3	coloring	egalitarian	hard	wave	x-axis position and contact force	y-axis position and contact force	SNIRF trial-start marker; fixed 20-s task duration; completion time from behavior
dyad-014	run-04	152.818182	20.000	14.271	4	coloring	egalitarian	hard	wave	x-axis position and contact force	y-axis position and contact force	SNIRF trial-start marker; fixed 20-s task duration; completion time from behavior
dyad-014	run-04	191.818182	20.000	12.002	5	coloring	egalitarian	hard	wave	x-axis position and contact force	y-axis position and contact force	SNIRF trial-start marker; fixed 20-s task duration; completion time from behavior
dyad-014	run-04	230.545455	20.000	13.352	6	coloring	egalitarian	hard	wave	x-axis position and contact force	y-axis position and contact force	SNIRF trial-start marker; fixed 20-s task duration; completion time from behavior
dyad-014	run-04	269.454545	20.000	11.099	7	coloring	egalitarian	hard	wave	x-axis position and contact force	y-axis position and contact force	SNIRF trial-start marker; fixed 20-s task duration; completion time from behavior
dyad-014	run-04	308.181818	20.000	12.696	8	coloring	egalitarian	hard	wave	x-axis position and contact force	y-axis position and contact force	SNIRF trial-start marker; fixed 20-s task duration; completion time from behavior
dyad-014	run-04	347.000000	20.000	14.176	9	coloring	egalitarian	hard	wave	x-axis position and contact force	y-axis position and contact force	SNIRF trial-start marker; fixed 20-s task duration; completion time from behavior
dyad-014	run-04	386.000000	20.000	12.887	10	coloring	egalitarian	hard	wave	x-axis position and contact force	y-axis position and contact force	SNIRF trial-start marker; fixed 20-s task duration; completion time from behavior
dyad-014	run-04	424.818182	20.000	11.288	11	coloring	egalitarian	hard	wave	x-axis position and contact force	y-axis position and contact force	SNIRF trial-start marker; fixed 20-s task duration; completion time from behavior
dyad-014	run-04	463.545455	20.000	12.744	12	coloring	egalitarian	hard	wave	x-axis position and contact force	y-axis position and contact force	SNIRF trial-start marker; fixed 20-s task duration; completion time from behavior
dyad-014	run-04	502.363636	20.000	12.428	13	coloring	egalitarian	hard	wave	x-axis position and contact force	y-axis position and contact force	SNIRF trial-start marker; fixed 20-s task duration; completion time from behavior
dyad-014	run-04	541.181818	20.000	13.771	14	coloring	egalitarian	hard	wave	x-axis position and contact force	y-axis position and contact force	SNIRF trial-start marker; fixed 20-s task duration; completion time from behavior
dyad-014	run-04	580.090909	20.000	10.970	15	coloring	egalitarian	hard	wave	x-axis position and contact force	y-axis position and contact force	SNIRF trial-start marker; fixed 20-s task duration; completion time from behavior
dyad-015	run-01	28.090909	20.000	6.554	1	coloring	leader-follower	easy	carrot	pattern-board pen position	applying-board contact force	SNIRF trial-start marker; fixed 20-s task duration; completion time from behavior
dyad-015	run-01	66.545455	20.000	10.172	2	coloring	leader-follower	easy	carrot	pattern-board pen position	applying-board contact force	SNIRF trial-start marker; fixed 20-s task duration; completion time from behavior
dyad-015	run-01	105.181818	20.000	11.209	3	coloring	leader-follower	easy	carrot	pattern-board pen position	applying-board contact force	SNIRF trial-start marker; fixed 20-s task duration; completion time from behavior
dyad-015	run-01	143.909091	20.000	10.719	4	coloring	leader-follower	easy	carrot	pattern-board pen position	applying-board contact force	SNIRF trial-start marker; fixed 20-s task duration; completion time from behavior
dyad-015	run-01	182.545455	20.000	10.591	5	coloring	leader-follower	easy	carrot	pattern-board pen position	applying-board contact force	SNIRF trial-start marker; fixed 20-s task duration; completion time from behavior
dyad-015	run-01	221.272727	20.000	10.591	6	coloring	leader-follower	easy	carrot	pattern-board pen position	applying-board contact force	SNIRF trial-start marker; fixed 20-s task duration; completion time from behavior
dyad-015	run-01	260.000000	20.000	11.986	7	coloring	leader-follower	easy	carrot	pattern-board pen position	applying-board contact force	SNIRF trial-start marker; fixed 20-s task duration; completion time from behavior
dyad-015	run-01	298.818182	20.000	16.531	8	coloring	leader-follower	easy	carrot	pattern-board pen position	applying-board contact force	SNIRF trial-start marker; fixed 20-s task duration; completion time from behavior
dyad-015	run-01	337.727273	20.000	10.508	9	coloring	leader-follower	easy	carrot	pattern-board pen position	applying-board contact force	SNIRF trial-start marker; fixed 20-s task duration; completion time from behavior
dyad-015	run-01	376.454545	20.000	11.406	10	coloring	leader-follower	easy	carrot	pattern-board pen position	applying-board contact force	SNIRF trial-start marker; fixed 20-s task duration; completion time from behavior
dyad-015	run-01	415.181818	20.000	12.699	11	coloring	leader-follower	easy	carrot	pattern-board pen position	applying-board contact force	SNIRF trial-start marker; fixed 20-s task duration; completion time from behavior
dyad-015	run-01	454.000000	20.000	11.874	12	coloring	leader-follower	easy	carrot	pattern-board pen position	applying-board contact force	SNIRF trial-start marker; fixed 20-s task duration; completion time from behavior
dyad-015	run-01	492.727273	20.000	11.753	13	coloring	leader-follower	easy	carrot	pattern-board pen position	applying-board contact force	SNIRF trial-start marker; fixed 20-s task duration; completion time from behavior
dyad-015	run-01	531.454545	20.000	13.206	14	coloring	leader-follower	easy	carrot	pattern-board pen position	applying-board contact force	SNIRF trial-start marker; fixed 20-s task duration; completion time from behavior
dyad-015	run-01	570.272727	20.000	12.392	15	coloring	leader-follower	easy	carrot	pattern-board pen position	applying-board contact force	SNIRF trial-start marker; fixed 20-s task duration; completion time from behavior
dyad-015	run-02	15.181818	20.000	16.670	1	coloring	leader-follower	hard	wave	pattern-board pen position	applying-board contact force	SNIRF trial-start marker; fixed 20-s task duration; completion time from behavior
dyad-015	run-02	54.272727	20.000	16.670	2	coloring	leader-follower	hard	wave	pattern-board pen position	applying-board contact force	SNIRF trial-start marker; fixed 20-s task duration; completion time from behavior
dyad-015	run-02	93.363636	20.000	10.951	3	coloring	leader-follower	hard	wave	pattern-board pen position	applying-board contact force	SNIRF trial-start marker; fixed 20-s task duration; completion time from behavior
dyad-015	run-02	132.090909	20.000	16.889	4	coloring	leader-follower	hard	wave	pattern-board pen position	applying-board contact force	SNIRF trial-start marker; fixed 20-s task duration; completion time from behavior
dyad-015	run-02	171.090909	20.000	16.155	5	coloring	leader-follower	hard	wave	pattern-board pen position	applying-board contact force	SNIRF trial-start marker; fixed 20-s task duration; completion time from behavior
dyad-015	run-02	210.090909	20.000	11.739	6	coloring	leader-follower	hard	wave	pattern-board pen position	applying-board contact force	SNIRF trial-start marker; fixed 20-s task duration; completion time from behavior
dyad-015	run-02	248.818182	20.000	14.003	7	coloring	leader-follower	hard	wave	pattern-board pen position	applying-board contact force	SNIRF trial-start marker; fixed 20-s task duration; completion time from behavior
dyad-015	run-02	287.727273	20.000	13.729	8	coloring	leader-follower	hard	wave	pattern-board pen position	applying-board contact force	SNIRF trial-start marker; fixed 20-s task duration; completion time from behavior
dyad-015	run-02	326.545455	20.000	13.186	9	coloring	leader-follower	hard	wave	pattern-board pen position	applying-board contact force	SNIRF trial-start marker; fixed 20-s task duration; completion time from behavior
dyad-015	run-02	365.454545	20.000	12.080	10	coloring	leader-follower	hard	wave	pattern-board pen position	applying-board contact force	SNIRF trial-start marker; fixed 20-s task duration; completion time from behavior
dyad-015	run-02	404.272727	20.000	15.753	11	coloring	leader-follower	hard	wave	pattern-board pen position	applying-board contact force	SNIRF trial-start marker; fixed 20-s task duration; completion time from behavior
dyad-015	run-02	443.272727	20.000	14.378	12	coloring	leader-follower	hard	wave	pattern-board pen position	applying-board contact force	SNIRF trial-start marker; fixed 20-s task duration; completion time from behavior
dyad-015	run-02	482.090909	20.000	11.292	13	coloring	leader-follower	hard	wave	pattern-board pen position	applying-board contact force	SNIRF trial-start marker; fixed 20-s task duration; completion time from behavior
dyad-015	run-02	520.818182	20.000	13.562	14	coloring	leader-follower	hard	wave	pattern-board pen position	applying-board contact force	SNIRF trial-start marker; fixed 20-s task duration; completion time from behavior
dyad-015	run-02	559.727273	20.000	12.130	15	coloring	leader-follower	hard	wave	pattern-board pen position	applying-board contact force	SNIRF trial-start marker; fixed 20-s task duration; completion time from behavior
dyad-015	run-03	87.545455	20.000	11.247	1	coloring	egalitarian	easy	carrot	x-axis position and contact force	y-axis position and contact force	SNIRF trial-start marker; fixed 20-s task duration; completion time from behavior
dyad-015	run-03	126.454545	20.000	10.382	2	coloring	egalitarian	easy	carrot	x-axis position and contact force	y-axis position and contact force	SNIRF trial-start marker; fixed 20-s task duration; completion time from behavior
dyad-015	run-03	165.181818	20.000	10.382	3	coloring	egalitarian	easy	carrot	x-axis position and contact force	y-axis position and contact force	SNIRF trial-start marker; fixed 20-s task duration; completion time from behavior
dyad-015	run-03	203.818182	20.000	10.382	4	coloring	egalitarian	easy	carrot	x-axis position and contact force	y-axis position and contact force	SNIRF trial-start marker; fixed 20-s task duration; completion time from behavior
dyad-015	run-03	242.636364	20.000	13.731	5	coloring	egalitarian	easy	carrot	x-axis position and contact force	y-axis position and contact force	SNIRF trial-start marker; fixed 20-s task duration; completion time from behavior
dyad-015	run-03	281.545455	20.000	13.528	6	coloring	egalitarian	easy	carrot	x-axis position and contact force	y-axis position and contact force	SNIRF trial-start marker; fixed 20-s task duration; completion time from behavior
dyad-015	run-03	320.545455	20.000	10.396	7	coloring	egalitarian	easy	carrot	x-axis position and contact force	y-axis position and contact force	SNIRF trial-start marker; fixed 20-s task duration; completion time from behavior
dyad-015	run-03	359.272727	20.000	10.396	8	coloring	egalitarian	easy	carrot	x-axis position and contact force	y-axis position and contact force	SNIRF trial-start marker; fixed 20-s task duration; completion time from behavior
dyad-015	run-03	398.000000	20.000	10.396	9	coloring	egalitarian	easy	carrot	x-axis position and contact force	y-axis position and contact force	SNIRF trial-start marker; fixed 20-s task duration; completion time from behavior
dyad-015	run-03	437.000000	20.000	7.978	10	coloring	egalitarian	easy	carrot	x-axis position and contact force	y-axis position and contact force	SNIRF trial-start marker; fixed 20-s task duration; completion time from behavior
dyad-015	run-03	475.545455	20.000	11.103	11	coloring	egalitarian	easy	carrot	x-axis position and contact force	y-axis position and contact force	SNIRF trial-start marker; fixed 20-s task duration; completion time from behavior
dyad-015	run-03	514.363636	20.000	10.511	12	coloring	egalitarian	easy	carrot	x-axis position and contact force	y-axis position and contact force	SNIRF trial-start marker; fixed 20-s task duration; completion time from behavior
dyad-015	run-03	553.090909	20.000	10.511	13	coloring	egalitarian	easy	carrot	x-axis position and contact force	y-axis position and contact force	SNIRF trial-start marker; fixed 20-s task duration; completion time from behavior
dyad-015	run-03	591.909091	20.000	13.155	14	coloring	egalitarian	easy	carrot	x-axis position and contact force	y-axis position and contact force	SNIRF trial-start marker; fixed 20-s task duration; completion time from behavior
dyad-015	run-03	630.818182	20.000	10.063	15	coloring	egalitarian	easy	carrot	x-axis position and contact force	y-axis position and contact force	SNIRF trial-start marker; fixed 20-s task duration; completion time from behavior
dyad-015	run-04	71.727273	20.000	12.207	1	coloring	egalitarian	hard	wave	x-axis position and contact force	y-axis position and contact force	SNIRF trial-start marker; fixed 20-s task duration; completion time from behavior
dyad-015	run-04	110.454545	20.000	11.608	2	coloring	egalitarian	hard	wave	x-axis position and contact force	y-axis position and contact force	SNIRF trial-start marker; fixed 20-s task duration; completion time from behavior
dyad-015	run-04	149.090909	20.000	13.102	3	coloring	egalitarian	hard	wave	x-axis position and contact force	y-axis position and contact force	SNIRF trial-start marker; fixed 20-s task duration; completion time from behavior
dyad-015	run-04	187.909091	20.000	11.715	4	coloring	egalitarian	hard	wave	x-axis position and contact force	y-axis position and contact force	SNIRF trial-start marker; fixed 20-s task duration; completion time from behavior
dyad-015	run-04	226.545455	20.000	12.607	5	coloring	egalitarian	hard	wave	x-axis position and contact force	y-axis position and contact force	SNIRF trial-start marker; fixed 20-s task duration; completion time from behavior
dyad-015	run-04	265.272727	20.000	11.848	6	coloring	egalitarian	hard	wave	x-axis position and contact force	y-axis position and contact force	SNIRF trial-start marker; fixed 20-s task duration; completion time from behavior
dyad-015	run-04	304.000000	20.000	13.380	7	coloring	egalitarian	hard	wave	x-axis position and contact force	y-axis position and contact force	SNIRF trial-start marker; fixed 20-s task duration; completion time from behavior
dyad-015	run-04	342.818182	20.000	11.148	8	coloring	egalitarian	hard	wave	x-axis position and contact force	y-axis position and contact force	SNIRF trial-start marker; fixed 20-s task duration; completion time from behavior
dyad-015	run-04	381.454545	20.000	13.963	9	coloring	egalitarian	hard	wave	x-axis position and contact force	y-axis position and contact force	SNIRF trial-start marker; fixed 20-s task duration; completion time from behavior
dyad-015	run-04	420.272727	20.000	11.968	10	coloring	egalitarian	hard	wave	x-axis position and contact force	y-axis position and contact force	SNIRF trial-start marker; fixed 20-s task duration; completion time from behavior
dyad-015	run-04	459.000000	20.000	13.518	11	coloring	egalitarian	hard	wave	x-axis position and contact force	y-axis position and contact force	SNIRF trial-start marker; fixed 20-s task duration; completion time from behavior
dyad-015	run-04	497.727273	20.000	12.818	12	coloring	egalitarian	hard	wave	x-axis position and contact force	y-axis position and contact force	SNIRF trial-start marker; fixed 20-s task duration; completion time from behavior
dyad-015	run-04	536.454545	20.000	11.710	13	coloring	egalitarian	hard	wave	x-axis position and contact force	y-axis position and contact force	SNIRF trial-start marker; fixed 20-s task duration; completion time from behavior
dyad-015	run-04	575.181818	20.000	11.906	14	coloring	egalitarian	hard	wave	x-axis position and contact force	y-axis position and contact force	SNIRF trial-start marker; fixed 20-s task duration; completion time from behavior
dyad-015	run-04	613.909091	20.000	14.685	15	coloring	egalitarian	hard	wave	x-axis position and contact force	y-axis position and contact force	SNIRF trial-start marker; fixed 20-s task duration; completion time from behavior
dyad-016	run-01	25.545455	20.000	8.910	1	coloring	leader-follower	easy	carrot	pattern-board pen position	applying-board contact force	SNIRF trial-start marker; fixed 20-s task duration; completion time from behavior
dyad-016	run-01	64.090909	20.000	10.460	2	coloring	leader-follower	easy	carrot	pattern-board pen position	applying-board contact force	SNIRF trial-start marker; fixed 20-s task duration; completion time from behavior
dyad-016	run-01	102.818182	20.000	11.969	3	coloring	leader-follower	easy	carrot	pattern-board pen position	applying-board contact force	SNIRF trial-start marker; fixed 20-s task duration; completion time from behavior
dyad-016	run-01	141.636364	20.000	11.604	4	coloring	leader-follower	easy	carrot	pattern-board pen position	applying-board contact force	SNIRF trial-start marker; fixed 20-s task duration; completion time from behavior
dyad-016	run-01	180.363636	20.000	13.226	5	coloring	leader-follower	easy	carrot	pattern-board pen position	applying-board contact force	SNIRF trial-start marker; fixed 20-s task duration; completion time from behavior
dyad-016	run-01	219.272727	20.000	11.569	6	coloring	leader-follower	easy	carrot	pattern-board pen position	applying-board contact force	SNIRF trial-start marker; fixed 20-s task duration; completion time from behavior
dyad-016	run-01	258.090909	20.000	13.781	7	coloring	leader-follower	easy	carrot	pattern-board pen position	applying-board contact force	SNIRF trial-start marker; fixed 20-s task duration; completion time from behavior
dyad-016	run-01	296.909091	20.000	12.370	8	coloring	leader-follower	easy	carrot	pattern-board pen position	applying-board contact force	SNIRF trial-start marker; fixed 20-s task duration; completion time from behavior
dyad-016	run-01	335.727273	20.000	16.291	9	coloring	leader-follower	easy	carrot	pattern-board pen position	applying-board contact force	SNIRF trial-start marker; fixed 20-s task duration; completion time from behavior
dyad-016	run-01	374.818182	20.000	13.642	10	coloring	leader-follower	easy	carrot	pattern-board pen position	applying-board contact force	SNIRF trial-start marker; fixed 20-s task duration; completion time from behavior
dyad-016	run-01	413.636364	20.000	14.732	11	coloring	leader-follower	easy	carrot	pattern-board pen position	applying-board contact force	SNIRF trial-start marker; fixed 20-s task duration; completion time from behavior
dyad-016	run-01	452.636364	20.000	10.104	12	coloring	leader-follower	easy	carrot	pattern-board pen position	applying-board contact force	SNIRF trial-start marker; fixed 20-s task duration; completion time from behavior
dyad-016	run-01	491.363636	20.000	13.659	13	coloring	leader-follower	easy	carrot	pattern-board pen position	applying-board contact force	SNIRF trial-start marker; fixed 20-s task duration; completion time from behavior
dyad-016	run-01	530.181818	20.000	13.119	14	coloring	leader-follower	easy	carrot	pattern-board pen position	applying-board contact force	SNIRF trial-start marker; fixed 20-s task duration; completion time from behavior
dyad-016	run-01	569.090909	20.000	16.057	15	coloring	leader-follower	easy	carrot	pattern-board pen position	applying-board contact force	SNIRF trial-start marker; fixed 20-s task duration; completion time from behavior
dyad-016	run-02	44.545455	20.000	11.252	1	coloring	leader-follower	hard	wave	pattern-board pen position	applying-board contact force	SNIRF trial-start marker; fixed 20-s task duration; completion time from behavior
dyad-016	run-02	83.272727	20.000	15.078	2	coloring	leader-follower	hard	wave	pattern-board pen position	applying-board contact force	SNIRF trial-start marker; fixed 20-s task duration; completion time from behavior
dyad-016	run-02	122.272727	20.000	16.493	3	coloring	leader-follower	hard	wave	pattern-board pen position	applying-board contact force	SNIRF trial-start marker; fixed 20-s task duration; completion time from behavior
dyad-016	run-02	161.272727	20.000	13.890	4	coloring	leader-follower	hard	wave	pattern-board pen position	applying-board contact force	SNIRF trial-start marker; fixed 20-s task duration; completion time from behavior
dyad-016	run-02	200.181818	20.000	14.828	5	coloring	leader-follower	hard	wave	pattern-board pen position	applying-board contact force	SNIRF trial-start marker; fixed 20-s task duration; completion time from behavior
dyad-016	run-02	239.090909	20.000	14.147	6	coloring	leader-follower	hard	wave	pattern-board pen position	applying-board contact force	SNIRF trial-start marker; fixed 20-s task duration; completion time from behavior
dyad-016	run-02	278.000000	20.000	15.209	7	coloring	leader-follower	hard	wave	pattern-board pen position	applying-board contact force	SNIRF trial-start marker; fixed 20-s task duration; completion time from behavior
dyad-016	run-02	317.000000	20.000	13.782	8	coloring	leader-follower	hard	wave	pattern-board pen position	applying-board contact force	SNIRF trial-start marker; fixed 20-s task duration; completion time from behavior
dyad-016	run-02	355.909091	20.000	13.712	9	coloring	leader-follower	hard	wave	pattern-board pen position	applying-board contact force	SNIRF trial-start marker; fixed 20-s task duration; completion time from behavior
dyad-016	run-02	394.727273	20.000	12.206	10	coloring	leader-follower	hard	wave	pattern-board pen position	applying-board contact force	SNIRF trial-start marker; fixed 20-s task duration; completion time from behavior
dyad-016	run-02	433.545455	20.000	13.268	11	coloring	leader-follower	hard	wave	pattern-board pen position	applying-board contact force	SNIRF trial-start marker; fixed 20-s task duration; completion time from behavior
dyad-016	run-02	472.363636	20.000	13.667	12	coloring	leader-follower	hard	wave	pattern-board pen position	applying-board contact force	SNIRF trial-start marker; fixed 20-s task duration; completion time from behavior
dyad-016	run-02	511.272727	20.000	15.368	13	coloring	leader-follower	hard	wave	pattern-board pen position	applying-board contact force	SNIRF trial-start marker; fixed 20-s task duration; completion time from behavior
dyad-016	run-02	550.181818	20.000	14.335	14	coloring	leader-follower	hard	wave	pattern-board pen position	applying-board contact force	SNIRF trial-start marker; fixed 20-s task duration; completion time from behavior
dyad-016	run-02	589.090909	20.000	16.152	15	coloring	leader-follower	hard	wave	pattern-board pen position	applying-board contact force	SNIRF trial-start marker; fixed 20-s task duration; completion time from behavior
dyad-016	run-03	28.636364	20.000	8.492	1	coloring	egalitarian	easy	carrot	x-axis position and contact force	y-axis position and contact force	SNIRF trial-start marker; fixed 20-s task duration; completion time from behavior
dyad-016	run-03	67.181818	20.000	12.506	2	coloring	egalitarian	easy	carrot	x-axis position and contact force	y-axis position and contact force	SNIRF trial-start marker; fixed 20-s task duration; completion time from behavior
dyad-016	run-03	106.090909	20.000	12.078	3	coloring	egalitarian	easy	carrot	x-axis position and contact force	y-axis position and contact force	SNIRF trial-start marker; fixed 20-s task duration; completion time from behavior
dyad-016	run-03	144.909091	20.000	11.835	4	coloring	egalitarian	easy	carrot	x-axis position and contact force	y-axis position and contact force	SNIRF trial-start marker; fixed 20-s task duration; completion time from behavior
dyad-016	run-03	183.727273	20.000	13.337	5	coloring	egalitarian	easy	carrot	x-axis position and contact force	y-axis position and contact force	SNIRF trial-start marker; fixed 20-s task duration; completion time from behavior
dyad-016	run-03	222.636364	20.000	12.726	6	coloring	egalitarian	easy	carrot	x-axis position and contact force	y-axis position and contact force	SNIRF trial-start marker; fixed 20-s task duration; completion time from behavior
dyad-016	run-03	261.454545	20.000	11.416	7	coloring	egalitarian	easy	carrot	x-axis position and contact force	y-axis position and contact force	SNIRF trial-start marker; fixed 20-s task duration; completion time from behavior
dyad-016	run-03	300.272727	20.000	9.752	8	coloring	egalitarian	easy	carrot	x-axis position and contact force	y-axis position and contact force	SNIRF trial-start marker; fixed 20-s task duration; completion time from behavior
dyad-016	run-03	339.000000	20.000	12.589	9	coloring	egalitarian	easy	carrot	x-axis position and contact force	y-axis position and contact force	SNIRF trial-start marker; fixed 20-s task duration; completion time from behavior
dyad-016	run-03	377.818182	20.000	11.893	10	coloring	egalitarian	easy	carrot	x-axis position and contact force	y-axis position and contact force	SNIRF trial-start marker; fixed 20-s task duration; completion time from behavior
dyad-016	run-03	416.636364	20.000	8.284	11	coloring	egalitarian	easy	carrot	x-axis position and contact force	y-axis position and contact force	SNIRF trial-start marker; fixed 20-s task duration; completion time from behavior
dyad-016	run-03	455.181818	20.000	11.202	12	coloring	egalitarian	easy	carrot	x-axis position and contact force	y-axis position and contact force	SNIRF trial-start marker; fixed 20-s task duration; completion time from behavior
dyad-016	run-03	493.909091	20.000	10.628	13	coloring	egalitarian	easy	carrot	x-axis position and contact force	y-axis position and contact force	SNIRF trial-start marker; fixed 20-s task duration; completion time from behavior
dyad-016	run-03	532.636364	20.000	12.596	14	coloring	egalitarian	easy	carrot	x-axis position and contact force	y-axis position and contact force	SNIRF trial-start marker; fixed 20-s task duration; completion time from behavior
dyad-016	run-03	571.545455	20.000	12.596	15	coloring	egalitarian	easy	carrot	x-axis position and contact force	y-axis position and contact force	SNIRF trial-start marker; fixed 20-s task duration; completion time from behavior
dyad-016	run-04	24.181818	20.000	12.683	1	coloring	egalitarian	hard	wave	x-axis position and contact force	y-axis position and contact force	SNIRF trial-start marker; fixed 20-s task duration; completion time from behavior
dyad-016	run-04	63.000000	20.000	12.968	2	coloring	egalitarian	hard	wave	x-axis position and contact force	y-axis position and contact force	SNIRF trial-start marker; fixed 20-s task duration; completion time from behavior
dyad-016	run-04	102.000000	20.000	14.779	3	coloring	egalitarian	hard	wave	x-axis position and contact force	y-axis position and contact force	SNIRF trial-start marker; fixed 20-s task duration; completion time from behavior
dyad-016	run-04	141.181818	20.000	14.465	4	coloring	egalitarian	hard	wave	x-axis position and contact force	y-axis position and contact force	SNIRF trial-start marker; fixed 20-s task duration; completion time from behavior
dyad-016	run-04	180.272727	20.000	14.508	5	coloring	egalitarian	hard	wave	x-axis position and contact force	y-axis position and contact force	SNIRF trial-start marker; fixed 20-s task duration; completion time from behavior
dyad-016	run-04	219.363636	20.000	15.049	6	coloring	egalitarian	hard	wave	x-axis position and contact force	y-axis position and contact force	SNIRF trial-start marker; fixed 20-s task duration; completion time from behavior
dyad-016	run-04	258.454545	20.000	13.596	7	coloring	egalitarian	hard	wave	x-axis position and contact force	y-axis position and contact force	SNIRF trial-start marker; fixed 20-s task duration; completion time from behavior
dyad-016	run-04	297.454545	20.000	11.547	8	coloring	egalitarian	hard	wave	x-axis position and contact force	y-axis position and contact force	SNIRF trial-start marker; fixed 20-s task duration; completion time from behavior
dyad-016	run-04	336.272727	20.000	14.924	9	coloring	egalitarian	hard	wave	x-axis position and contact force	y-axis position and contact force	SNIRF trial-start marker; fixed 20-s task duration; completion time from behavior
dyad-016	run-04	375.363636	20.000	14.001	10	coloring	egalitarian	hard	wave	x-axis position and contact force	y-axis position and contact force	SNIRF trial-start marker; fixed 20-s task duration; completion time from behavior
dyad-016	run-04	414.545455	20.000	14.329	11	coloring	egalitarian	hard	wave	x-axis position and contact force	y-axis position and contact force	SNIRF trial-start marker; fixed 20-s task duration; completion time from behavior
dyad-016	run-04	453.636364	20.000	14.081	12	coloring	egalitarian	hard	wave	x-axis position and contact force	y-axis position and contact force	SNIRF trial-start marker; fixed 20-s task duration; completion time from behavior
dyad-016	run-04	492.636364	20.000	12.053	13	coloring	egalitarian	hard	wave	x-axis position and contact force	y-axis position and contact force	SNIRF trial-start marker; fixed 20-s task duration; completion time from behavior
dyad-016	run-04	531.545455	20.000	12.468	14	coloring	egalitarian	hard	wave	x-axis position and contact force	y-axis position and contact force	SNIRF trial-start marker; fixed 20-s task duration; completion time from behavior
dyad-016	run-04	570.454545	20.000	12.649	15	coloring	egalitarian	hard	wave	x-axis position and contact force	y-axis position and contact force	SNIRF trial-start marker; fixed 20-s task duration; completion time from behavior
dyad-017	run-01	21.272727	20.000	8.625	1	coloring	leader-follower	easy	carrot	pattern-board pen position	applying-board contact force	SNIRF trial-start marker; fixed 20-s task duration; completion time from behavior
dyad-017	run-01	59.818182	20.000	6.629	2	coloring	leader-follower	easy	carrot	pattern-board pen position	applying-board contact force	SNIRF trial-start marker; fixed 20-s task duration; completion time from behavior
dyad-017	run-01	98.272727	20.000	8.864	3	coloring	leader-follower	easy	carrot	pattern-board pen position	applying-board contact force	SNIRF trial-start marker; fixed 20-s task duration; completion time from behavior
dyad-017	run-01	136.909091	20.000	9.798	4	coloring	leader-follower	easy	carrot	pattern-board pen position	applying-board contact force	SNIRF trial-start marker; fixed 20-s task duration; completion time from behavior
dyad-017	run-01	175.545455	20.000	7.773	5	coloring	leader-follower	easy	carrot	pattern-board pen position	applying-board contact force	SNIRF trial-start marker; fixed 20-s task duration; completion time from behavior
dyad-017	run-01	214.090909	20.000	6.852	6	coloring	leader-follower	easy	carrot	pattern-board pen position	applying-board contact force	SNIRF trial-start marker; fixed 20-s task duration; completion time from behavior
dyad-017	run-01	252.545455	20.000	7.996	7	coloring	leader-follower	easy	carrot	pattern-board pen position	applying-board contact force	SNIRF trial-start marker; fixed 20-s task duration; completion time from behavior
dyad-017	run-01	291.090909	20.000	8.257	8	coloring	leader-follower	easy	carrot	pattern-board pen position	applying-board contact force	SNIRF trial-start marker; fixed 20-s task duration; completion time from behavior
dyad-017	run-01	329.727273	20.000	8.744	9	coloring	leader-follower	easy	carrot	pattern-board pen position	applying-board contact force	SNIRF trial-start marker; fixed 20-s task duration; completion time from behavior
dyad-017	run-01	368.272727	20.000	9.149	10	coloring	leader-follower	easy	carrot	pattern-board pen position	applying-board contact force	SNIRF trial-start marker; fixed 20-s task duration; completion time from behavior
dyad-017	run-01	406.909091	20.000	8.786	11	coloring	leader-follower	easy	carrot	pattern-board pen position	applying-board contact force	SNIRF trial-start marker; fixed 20-s task duration; completion time from behavior
dyad-017	run-01	445.454545	20.000	9.656	12	coloring	leader-follower	easy	carrot	pattern-board pen position	applying-board contact force	SNIRF trial-start marker; fixed 20-s task duration; completion time from behavior
dyad-017	run-01	484.090909	20.000	11.527	13	coloring	leader-follower	easy	carrot	pattern-board pen position	applying-board contact force	SNIRF trial-start marker; fixed 20-s task duration; completion time from behavior
dyad-017	run-01	522.818182	20.000	6.693	14	coloring	leader-follower	easy	carrot	pattern-board pen position	applying-board contact force	SNIRF trial-start marker; fixed 20-s task duration; completion time from behavior
dyad-017	run-01	561.272727	20.000	7.987	15	coloring	leader-follower	easy	carrot	pattern-board pen position	applying-board contact force	SNIRF trial-start marker; fixed 20-s task duration; completion time from behavior
dyad-017	run-02	27.090909	20.000	6.238	1	coloring	leader-follower	hard	wave	pattern-board pen position	applying-board contact force	SNIRF trial-start marker; fixed 20-s task duration; completion time from behavior
dyad-017	run-02	65.454545	20.000	11.149	2	coloring	leader-follower	hard	wave	pattern-board pen position	applying-board contact force	SNIRF trial-start marker; fixed 20-s task duration; completion time from behavior
dyad-017	run-02	104.181818	20.000	10.793	3	coloring	leader-follower	hard	wave	pattern-board pen position	applying-board contact force	SNIRF trial-start marker; fixed 20-s task duration; completion time from behavior
dyad-017	run-02	142.909091	20.000	10.122	4	coloring	leader-follower	hard	wave	pattern-board pen position	applying-board contact force	SNIRF trial-start marker; fixed 20-s task duration; completion time from behavior
dyad-017	run-02	181.636364	20.000	9.470	5	coloring	leader-follower	hard	wave	pattern-board pen position	applying-board contact force	SNIRF trial-start marker; fixed 20-s task duration; completion time from behavior
dyad-017	run-02	220.181818	20.000	8.635	6	coloring	leader-follower	hard	wave	pattern-board pen position	applying-board contact force	SNIRF trial-start marker; fixed 20-s task duration; completion time from behavior
dyad-017	run-02	258.818182	20.000	8.542	7	coloring	leader-follower	hard	wave	pattern-board pen position	applying-board contact force	SNIRF trial-start marker; fixed 20-s task duration; completion time from behavior
dyad-017	run-02	297.363636	20.000	9.042	8	coloring	leader-follower	hard	wave	pattern-board pen position	applying-board contact force	SNIRF trial-start marker; fixed 20-s task duration; completion time from behavior
dyad-017	run-02	335.909091	20.000	8.078	9	coloring	leader-follower	hard	wave	pattern-board pen position	applying-board contact force	SNIRF trial-start marker; fixed 20-s task duration; completion time from behavior
dyad-017	run-02	374.454545	20.000	7.228	10	coloring	leader-follower	hard	wave	pattern-board pen position	applying-board contact force	SNIRF trial-start marker; fixed 20-s task duration; completion time from behavior
dyad-017	run-02	412.909091	20.000	7.892	11	coloring	leader-follower	hard	wave	pattern-board pen position	applying-board contact force	SNIRF trial-start marker; fixed 20-s task duration; completion time from behavior
dyad-017	run-02	451.454545	20.000	9.604	12	coloring	leader-follower	hard	wave	pattern-board pen position	applying-board contact force	SNIRF trial-start marker; fixed 20-s task duration; completion time from behavior
dyad-017	run-02	490.090909	20.000	8.263	13	coloring	leader-follower	hard	wave	pattern-board pen position	applying-board contact force	SNIRF trial-start marker; fixed 20-s task duration; completion time from behavior
dyad-017	run-02	528.636364	20.000	10.313	14	coloring	leader-follower	hard	wave	pattern-board pen position	applying-board contact force	SNIRF trial-start marker; fixed 20-s task duration; completion time from behavior
dyad-017	run-02	567.272727	20.000	9.856	15	coloring	leader-follower	hard	wave	pattern-board pen position	applying-board contact force	SNIRF trial-start marker; fixed 20-s task duration; completion time from behavior
dyad-017	run-03	39.636364	20.000	9.981	1	coloring	egalitarian	easy	carrot	x-axis position and contact force	y-axis position and contact force	SNIRF trial-start marker; fixed 20-s task duration; completion time from behavior
dyad-017	run-03	78.363636	20.000	9.981	2	coloring	egalitarian	easy	carrot	x-axis position and contact force	y-axis position and contact force	SNIRF trial-start marker; fixed 20-s task duration; completion time from behavior
dyad-017	run-03	117.181818	20.000	9.361	3	coloring	egalitarian	easy	carrot	x-axis position and contact force	y-axis position and contact force	SNIRF trial-start marker; fixed 20-s task duration; completion time from behavior
dyad-017	run-03	155.818182	20.000	10.368	4	coloring	egalitarian	easy	carrot	x-axis position and contact force	y-axis position and contact force	SNIRF trial-start marker; fixed 20-s task duration; completion time from behavior
dyad-017	run-03	194.636364	20.000	10.916	5	coloring	egalitarian	easy	carrot	x-axis position and contact force	y-axis position and contact force	SNIRF trial-start marker; fixed 20-s task duration; completion time from behavior
dyad-017	run-03	233.363636	20.000	7.376	6	coloring	egalitarian	easy	carrot	x-axis position and contact force	y-axis position and contact force	SNIRF trial-start marker; fixed 20-s task duration; completion time from behavior
dyad-017	run-03	272.090909	20.000	8.774	7	coloring	egalitarian	easy	carrot	x-axis position and contact force	y-axis position and contact force	SNIRF trial-start marker; fixed 20-s task duration; completion time from behavior
dyad-017	run-03	310.727273	20.000	8.774	8	coloring	egalitarian	easy	carrot	x-axis position and contact force	y-axis position and contact force	SNIRF trial-start marker; fixed 20-s task duration; completion time from behavior
dyad-017	run-03	349.363636	20.000	8.624	9	coloring	egalitarian	easy	carrot	x-axis position and contact force	y-axis position and contact force	SNIRF trial-start marker; fixed 20-s task duration; completion time from behavior
dyad-017	run-03	388.000000	20.000	7.554	10	coloring	egalitarian	easy	carrot	x-axis position and contact force	y-axis position and contact force	SNIRF trial-start marker; fixed 20-s task duration; completion time from behavior
dyad-017	run-03	426.727273	20.000	10.348	11	coloring	egalitarian	easy	carrot	x-axis position and contact force	y-axis position and contact force	SNIRF trial-start marker; fixed 20-s task duration; completion time from behavior
dyad-017	run-03	465.545455	20.000	8.420	12	coloring	egalitarian	easy	carrot	x-axis position and contact force	y-axis position and contact force	SNIRF trial-start marker; fixed 20-s task duration; completion time from behavior
dyad-017	run-03	504.272727	20.000	5.698	13	coloring	egalitarian	easy	carrot	x-axis position and contact force	y-axis position and contact force	SNIRF trial-start marker; fixed 20-s task duration; completion time from behavior
dyad-017	run-03	542.727273	20.000	8.977	14	coloring	egalitarian	easy	carrot	x-axis position and contact force	y-axis position and contact force	SNIRF trial-start marker; fixed 20-s task duration; completion time from behavior
dyad-017	run-03	581.454545	20.000	8.668	15	coloring	egalitarian	easy	carrot	x-axis position and contact force	y-axis position and contact force	SNIRF trial-start marker; fixed 20-s task duration; completion time from behavior
dyad-017	run-04	22.545455	20.000	7.529	1	coloring	egalitarian	hard	wave	x-axis position and contact force	y-axis position and contact force	SNIRF trial-start marker; fixed 20-s task duration; completion time from behavior
dyad-017	run-04	61.181818	20.000	10.515	2	coloring	egalitarian	hard	wave	x-axis position and contact force	y-axis position and contact force	SNIRF trial-start marker; fixed 20-s task duration; completion time from behavior
dyad-017	run-04	100.000000	20.000	8.623	3	coloring	egalitarian	hard	wave	x-axis position and contact force	y-axis position and contact force	SNIRF trial-start marker; fixed 20-s task duration; completion time from behavior
dyad-017	run-04	138.727273	20.000	7.877	4	coloring	egalitarian	hard	wave	x-axis position and contact force	y-axis position and contact force	SNIRF trial-start marker; fixed 20-s task duration; completion time from behavior
dyad-017	run-04	177.363636	20.000	8.350	5	coloring	egalitarian	hard	wave	x-axis position and contact force	y-axis position and contact force	SNIRF trial-start marker; fixed 20-s task duration; completion time from behavior
dyad-017	run-04	216.000000	20.000	7.943	6	coloring	egalitarian	hard	wave	x-axis position and contact force	y-axis position and contact force	SNIRF trial-start marker; fixed 20-s task duration; completion time from behavior
dyad-017	run-04	254.545455	20.000	10.122	7	coloring	egalitarian	hard	wave	x-axis position and contact force	y-axis position and contact force	SNIRF trial-start marker; fixed 20-s task duration; completion time from behavior
dyad-017	run-04	293.363636	20.000	9.326	8	coloring	egalitarian	hard	wave	x-axis position and contact force	y-axis position and contact force	SNIRF trial-start marker; fixed 20-s task duration; completion time from behavior
dyad-017	run-04	332.090909	20.000	10.223	9	coloring	egalitarian	hard	wave	x-axis position and contact force	y-axis position and contact force	SNIRF trial-start marker; fixed 20-s task duration; completion time from behavior
dyad-017	run-04	371.000000	20.000	9.034	10	coloring	egalitarian	hard	wave	x-axis position and contact force	y-axis position and contact force	SNIRF trial-start marker; fixed 20-s task duration; completion time from behavior
dyad-017	run-04	409.727273	20.000	8.865	11	coloring	egalitarian	hard	wave	x-axis position and contact force	y-axis position and contact force	SNIRF trial-start marker; fixed 20-s task duration; completion time from behavior
dyad-017	run-04	448.545455	20.000	9.168	12	coloring	egalitarian	hard	wave	x-axis position and contact force	y-axis position and contact force	SNIRF trial-start marker; fixed 20-s task duration; completion time from behavior
dyad-017	run-04	487.272727	20.000	11.784	13	coloring	egalitarian	hard	wave	x-axis position and contact force	y-axis position and contact force	SNIRF trial-start marker; fixed 20-s task duration; completion time from behavior
dyad-017	run-04	526.272727	20.000	10.424	14	coloring	egalitarian	hard	wave	x-axis position and contact force	y-axis position and contact force	SNIRF trial-start marker; fixed 20-s task duration; completion time from behavior
dyad-017	run-04	565.090909	20.000	10.148	15	coloring	egalitarian	hard	wave	x-axis position and contact force	y-axis position and contact force	SNIRF trial-start marker; fixed 20-s task duration; completion time from behavior
dyad-018	run-01	30.000000	20.000	13.392	1	coloring	leader-follower	easy	carrot	pattern-board pen position	applying-board contact force	SNIRF trial-start marker; fixed 20-s task duration; completion time from behavior
dyad-018	run-01	68.818182	20.000	13.392	2	coloring	leader-follower	easy	carrot	pattern-board pen position	applying-board contact force	SNIRF trial-start marker; fixed 20-s task duration; completion time from behavior
dyad-018	run-01	107.727273	20.000	13.392	3	coloring	leader-follower	easy	carrot	pattern-board pen position	applying-board contact force	SNIRF trial-start marker; fixed 20-s task duration; completion time from behavior
dyad-018	run-01	146.545455	20.000	10.281	4	coloring	leader-follower	easy	carrot	pattern-board pen position	applying-board contact force	SNIRF trial-start marker; fixed 20-s task duration; completion time from behavior
dyad-018	run-01	185.181818	20.000	12.760	5	coloring	leader-follower	easy	carrot	pattern-board pen position	applying-board contact force	SNIRF trial-start marker; fixed 20-s task duration; completion time from behavior
dyad-018	run-01	224.000000	20.000	12.097	6	coloring	leader-follower	easy	carrot	pattern-board pen position	applying-board contact force	SNIRF trial-start marker; fixed 20-s task duration; completion time from behavior
dyad-018	run-01	262.727273	20.000	12.863	7	coloring	leader-follower	easy	carrot	pattern-board pen position	applying-board contact force	SNIRF trial-start marker; fixed 20-s task duration; completion time from behavior
dyad-018	run-01	301.545455	20.000	12.358	8	coloring	leader-follower	easy	carrot	pattern-board pen position	applying-board contact force	SNIRF trial-start marker; fixed 20-s task duration; completion time from behavior
dyad-018	run-01	340.272727	20.000	13.262	9	coloring	leader-follower	easy	carrot	pattern-board pen position	applying-board contact force	SNIRF trial-start marker; fixed 20-s task duration; completion time from behavior
dyad-018	run-01	379.090909	20.000	13.203	10	coloring	leader-follower	easy	carrot	pattern-board pen position	applying-board contact force	SNIRF trial-start marker; fixed 20-s task duration; completion time from behavior
dyad-018	run-01	417.909091	20.000	10.171	11	coloring	leader-follower	easy	carrot	pattern-board pen position	applying-board contact force	SNIRF trial-start marker; fixed 20-s task duration; completion time from behavior
dyad-018	run-01	456.545455	20.000	12.241	12	coloring	leader-follower	easy	carrot	pattern-board pen position	applying-board contact force	SNIRF trial-start marker; fixed 20-s task duration; completion time from behavior
dyad-018	run-01	495.272727	20.000	10.292	13	coloring	leader-follower	easy	carrot	pattern-board pen position	applying-board contact force	SNIRF trial-start marker; fixed 20-s task duration; completion time from behavior
dyad-018	run-01	533.909091	20.000	12.026	14	coloring	leader-follower	easy	carrot	pattern-board pen position	applying-board contact force	SNIRF trial-start marker; fixed 20-s task duration; completion time from behavior
dyad-018	run-01	572.727273	20.000	11.119	15	coloring	leader-follower	easy	carrot	pattern-board pen position	applying-board contact force	SNIRF trial-start marker; fixed 20-s task duration; completion time from behavior
dyad-018	run-02	29.090909	20.000	13.494	1	coloring	leader-follower	hard	wave	pattern-board pen position	applying-board contact force	SNIRF trial-start marker; fixed 20-s task duration; completion time from behavior
dyad-018	run-02	67.909091	20.000	14.691	2	coloring	leader-follower	hard	wave	pattern-board pen position	applying-board contact force	SNIRF trial-start marker; fixed 20-s task duration; completion time from behavior
dyad-018	run-02	107.000000	20.000	14.628	3	coloring	leader-follower	hard	wave	pattern-board pen position	applying-board contact force	SNIRF trial-start marker; fixed 20-s task duration; completion time from behavior
dyad-018	run-02	145.818182	20.000	15.292	4	coloring	leader-follower	hard	wave	pattern-board pen position	applying-board contact force	SNIRF trial-start marker; fixed 20-s task duration; completion time from behavior
dyad-018	run-02	184.818182	20.000	15.292	5	coloring	leader-follower	hard	wave	pattern-board pen position	applying-board contact force	SNIRF trial-start marker; fixed 20-s task duration; completion time from behavior
dyad-018	run-02	223.545455	20.000	12.284	6	coloring	leader-follower	hard	wave	pattern-board pen position	applying-board contact force	SNIRF trial-start marker; fixed 20-s task duration; completion time from behavior
dyad-018	run-02	262.363636	20.000	9.467	7	coloring	leader-follower	hard	wave	pattern-board pen position	applying-board contact force	SNIRF trial-start marker; fixed 20-s task duration; completion time from behavior
dyad-018	run-02	301.000000	20.000	9.977	8	coloring	leader-follower	hard	wave	pattern-board pen position	applying-board contact force	SNIRF trial-start marker; fixed 20-s task duration; completion time from behavior
dyad-018	run-02	339.636364	20.000	13.846	9	coloring	leader-follower	hard	wave	pattern-board pen position	applying-board contact force	SNIRF trial-start marker; fixed 20-s task duration; completion time from behavior
dyad-018	run-02	378.545455	20.000	9.840	10	coloring	leader-follower	hard	wave	pattern-board pen position	applying-board contact force	SNIRF trial-start marker; fixed 20-s task duration; completion time from behavior
dyad-018	run-02	417.181818	20.000	14.580	11	coloring	leader-follower	hard	wave	pattern-board pen position	applying-board contact force	SNIRF trial-start marker; fixed 20-s task duration; completion time from behavior
dyad-018	run-02	456.090909	20.000	10.484	12	coloring	leader-follower	hard	wave	pattern-board pen position	applying-board contact force	SNIRF trial-start marker; fixed 20-s task duration; completion time from behavior
dyad-018	run-02	494.818182	20.000	13.505	13	coloring	leader-follower	hard	wave	pattern-board pen position	applying-board contact force	SNIRF trial-start marker; fixed 20-s task duration; completion time from behavior
dyad-018	run-02	533.636364	20.000	13.105	14	coloring	leader-follower	hard	wave	pattern-board pen position	applying-board contact force	SNIRF trial-start marker; fixed 20-s task duration; completion time from behavior
dyad-018	run-02	572.545455	20.000	13.329	15	coloring	leader-follower	hard	wave	pattern-board pen position	applying-board contact force	SNIRF trial-start marker; fixed 20-s task duration; completion time from behavior
dyad-018	run-03	71.545455	20.000	12.984	1	coloring	egalitarian	easy	carrot	x-axis position and contact force	y-axis position and contact force	SNIRF trial-start marker; fixed 20-s task duration; completion time from behavior
dyad-018	run-03	110.272727	20.000	14.047	2	coloring	egalitarian	easy	carrot	x-axis position and contact force	y-axis position and contact force	SNIRF trial-start marker; fixed 20-s task duration; completion time from behavior
dyad-018	run-03	149.272727	20.000	10.199	3	coloring	egalitarian	easy	carrot	x-axis position and contact force	y-axis position and contact force	SNIRF trial-start marker; fixed 20-s task duration; completion time from behavior
dyad-018	run-03	188.090909	20.000	9.784	4	coloring	egalitarian	easy	carrot	x-axis position and contact force	y-axis position and contact force	SNIRF trial-start marker; fixed 20-s task duration; completion time from behavior
dyad-018	run-03	227.000000	20.000	9.784	5	coloring	egalitarian	easy	carrot	x-axis position and contact force	y-axis position and contact force	SNIRF trial-start marker; fixed 20-s task duration; completion time from behavior
dyad-018	run-03	266.000000	20.000	9.784	6	coloring	egalitarian	easy	carrot	x-axis position and contact force	y-axis position and contact force	SNIRF trial-start marker; fixed 20-s task duration; completion time from behavior
dyad-018	run-03	305.000000	20.000	9.325	7	coloring	egalitarian	easy	carrot	x-axis position and contact force	y-axis position and contact force	SNIRF trial-start marker; fixed 20-s task duration; completion time from behavior
dyad-018	run-03	343.727273	20.000	9.754	8	coloring	egalitarian	easy	carrot	x-axis position and contact force	y-axis position and contact force	SNIRF trial-start marker; fixed 20-s task duration; completion time from behavior
dyad-018	run-03	382.545455	20.000	11.029	9	coloring	egalitarian	easy	carrot	x-axis position and contact force	y-axis position and contact force	SNIRF trial-start marker; fixed 20-s task duration; completion time from behavior
dyad-018	run-03	421.181818	20.000	8.756	10	coloring	egalitarian	easy	carrot	x-axis position and contact force	y-axis position and contact force	SNIRF trial-start marker; fixed 20-s task duration; completion time from behavior
dyad-018	run-03	459.909091	20.000	9.475	11	coloring	egalitarian	easy	carrot	x-axis position and contact force	y-axis position and contact force	SNIRF trial-start marker; fixed 20-s task duration; completion time from behavior
dyad-018	run-03	498.636364	20.000	9.902	12	coloring	egalitarian	easy	carrot	x-axis position and contact force	y-axis position and contact force	SNIRF trial-start marker; fixed 20-s task duration; completion time from behavior
dyad-018	run-03	537.363636	20.000	9.607	13	coloring	egalitarian	easy	carrot	x-axis position and contact force	y-axis position and contact force	SNIRF trial-start marker; fixed 20-s task duration; completion time from behavior
dyad-018	run-03	576.090909	20.000	9.607	14	coloring	egalitarian	easy	carrot	x-axis position and contact force	y-axis position and contact force	SNIRF trial-start marker; fixed 20-s task duration; completion time from behavior
dyad-018	run-03	614.727273	20.000	9.558	15	coloring	egalitarian	easy	carrot	x-axis position and contact force	y-axis position and contact force	SNIRF trial-start marker; fixed 20-s task duration; completion time from behavior
dyad-018	run-04	23.545455	20.000	12.723	1	coloring	egalitarian	hard	wave	x-axis position and contact force	y-axis position and contact force	SNIRF trial-start marker; fixed 20-s task duration; completion time from behavior
dyad-018	run-04	62.818182	20.000	15.849	2	coloring	egalitarian	hard	wave	x-axis position and contact force	y-axis position and contact force	SNIRF trial-start marker; fixed 20-s task duration; completion time from behavior
dyad-018	run-04	102.363636	20.000	15.402	3	coloring	egalitarian	hard	wave	x-axis position and contact force	y-axis position and contact force	SNIRF trial-start marker; fixed 20-s task duration; completion time from behavior
dyad-018	run-04	141.909091	20.000	13.458	4	coloring	egalitarian	hard	wave	x-axis position and contact force	y-axis position and contact force	SNIRF trial-start marker; fixed 20-s task duration; completion time from behavior
dyad-018	run-04	181.272727	20.000	11.662	5	coloring	egalitarian	hard	wave	x-axis position and contact force	y-axis position and contact force	SNIRF trial-start marker; fixed 20-s task duration; completion time from behavior
dyad-018	run-04	220.454545	20.000	12.694	6	coloring	egalitarian	hard	wave	x-axis position and contact force	y-axis position and contact force	SNIRF trial-start marker; fixed 20-s task duration; completion time from behavior
dyad-018	run-04	259.363636	20.000	11.071	7	coloring	egalitarian	hard	wave	x-axis position and contact force	y-axis position and contact force	SNIRF trial-start marker; fixed 20-s task duration; completion time from behavior
dyad-018	run-04	298.454545	20.000	12.460	8	coloring	egalitarian	hard	wave	x-axis position and contact force	y-axis position and contact force	SNIRF trial-start marker; fixed 20-s task duration; completion time from behavior
dyad-018	run-04	337.727273	20.000	11.762	9	coloring	egalitarian	hard	wave	x-axis position and contact force	y-axis position and contact force	SNIRF trial-start marker; fixed 20-s task duration; completion time from behavior
dyad-018	run-04	376.909091	20.000	10.608	10	coloring	egalitarian	hard	wave	x-axis position and contact force	y-axis position and contact force	SNIRF trial-start marker; fixed 20-s task duration; completion time from behavior
dyad-018	run-04	416.090909	20.000	9.764	11	coloring	egalitarian	hard	wave	x-axis position and contact force	y-axis position and contact force	SNIRF trial-start marker; fixed 20-s task duration; completion time from behavior
dyad-018	run-04	454.727273	20.000	12.334	12	coloring	egalitarian	hard	wave	x-axis position and contact force	y-axis position and contact force	SNIRF trial-start marker; fixed 20-s task duration; completion time from behavior
dyad-018	run-04	494.000000	20.000	11.467	13	coloring	egalitarian	hard	wave	x-axis position and contact force	y-axis position and contact force	SNIRF trial-start marker; fixed 20-s task duration; completion time from behavior
dyad-018	run-04	533.181818	20.000	10.955	14	coloring	egalitarian	hard	wave	x-axis position and contact force	y-axis position and contact force	SNIRF trial-start marker; fixed 20-s task duration; completion time from behavior
dyad-018	run-04	572.272727	20.000	11.946	15	coloring	egalitarian	hard	wave	x-axis position and contact force	y-axis position and contact force	SNIRF trial-start marker; fixed 20-s task duration; completion time from behavior
dyad-019	run-01	20.181818	20.000	6.674	1	coloring	leader-follower	easy	carrot	pattern-board pen position	applying-board contact force	SNIRF trial-start marker; fixed 20-s task duration; completion time from behavior
dyad-019	run-01	58.636364	20.000	7.573	2	coloring	leader-follower	easy	carrot	pattern-board pen position	applying-board contact force	SNIRF trial-start marker; fixed 20-s task duration; completion time from behavior
dyad-019	run-01	97.090909	20.000	11.677	3	coloring	leader-follower	easy	carrot	pattern-board pen position	applying-board contact force	SNIRF trial-start marker; fixed 20-s task duration; completion time from behavior
dyad-019	run-01	135.818182	20.000	9.376	4	coloring	leader-follower	easy	carrot	pattern-board pen position	applying-board contact force	SNIRF trial-start marker; fixed 20-s task duration; completion time from behavior
dyad-019	run-01	174.454545	20.000	7.766	5	coloring	leader-follower	easy	carrot	pattern-board pen position	applying-board contact force	SNIRF trial-start marker; fixed 20-s task duration; completion time from behavior
dyad-019	run-01	212.909091	20.000	10.022	6	coloring	leader-follower	easy	carrot	pattern-board pen position	applying-board contact force	SNIRF trial-start marker; fixed 20-s task duration; completion time from behavior
dyad-019	run-01	251.454545	20.000	7.046	7	coloring	leader-follower	easy	carrot	pattern-board pen position	applying-board contact force	SNIRF trial-start marker; fixed 20-s task duration; completion time from behavior
dyad-019	run-01	289.909091	20.000	7.025	8	coloring	leader-follower	easy	carrot	pattern-board pen position	applying-board contact force	SNIRF trial-start marker; fixed 20-s task duration; completion time from behavior
dyad-019	run-01	328.363636	20.000	8.129	9	coloring	leader-follower	easy	carrot	pattern-board pen position	applying-board contact force	SNIRF trial-start marker; fixed 20-s task duration; completion time from behavior
dyad-019	run-01	366.818182	20.000	8.141	10	coloring	leader-follower	easy	carrot	pattern-board pen position	applying-board contact force	SNIRF trial-start marker; fixed 20-s task duration; completion time from behavior
dyad-019	run-01	405.363636	20.000	6.906	11	coloring	leader-follower	easy	carrot	pattern-board pen position	applying-board contact force	SNIRF trial-start marker; fixed 20-s task duration; completion time from behavior
dyad-019	run-01	443.727273	20.000	6.823	12	coloring	leader-follower	easy	carrot	pattern-board pen position	applying-board contact force	SNIRF trial-start marker; fixed 20-s task duration; completion time from behavior
dyad-019	run-01	482.181818	20.000	6.310	13	coloring	leader-follower	easy	carrot	pattern-board pen position	applying-board contact force	SNIRF trial-start marker; fixed 20-s task duration; completion time from behavior
dyad-019	run-01	520.545455	20.000	7.174	14	coloring	leader-follower	easy	carrot	pattern-board pen position	applying-board contact force	SNIRF trial-start marker; fixed 20-s task duration; completion time from behavior
dyad-019	run-01	559.000000	20.000	6.832	15	coloring	leader-follower	easy	carrot	pattern-board pen position	applying-board contact force	SNIRF trial-start marker; fixed 20-s task duration; completion time from behavior
dyad-019	run-02	20.181818	20.000	13.761	1	coloring	leader-follower	hard	wave	pattern-board pen position	applying-board contact force	SNIRF trial-start marker; fixed 20-s task duration; completion time from behavior
dyad-019	run-02	59.090909	20.000	8.671	2	coloring	leader-follower	hard	wave	pattern-board pen position	applying-board contact force	SNIRF trial-start marker; fixed 20-s task duration; completion time from behavior
dyad-019	run-02	97.636364	20.000	8.971	3	coloring	leader-follower	hard	wave	pattern-board pen position	applying-board contact force	SNIRF trial-start marker; fixed 20-s task duration; completion time from behavior
dyad-019	run-02	136.272727	20.000	8.283	4	coloring	leader-follower	hard	wave	pattern-board pen position	applying-board contact force	SNIRF trial-start marker; fixed 20-s task duration; completion time from behavior
dyad-019	run-02	174.818182	20.000	8.369	5	coloring	leader-follower	hard	wave	pattern-board pen position	applying-board contact force	SNIRF trial-start marker; fixed 20-s task duration; completion time from behavior
dyad-019	run-02	213.363636	20.000	9.838	6	coloring	leader-follower	hard	wave	pattern-board pen position	applying-board contact force	SNIRF trial-start marker; fixed 20-s task duration; completion time from behavior
dyad-019	run-02	252.000000	20.000	7.231	7	coloring	leader-follower	hard	wave	pattern-board pen position	applying-board contact force	SNIRF trial-start marker; fixed 20-s task duration; completion time from behavior
dyad-019	run-02	290.454545	20.000	8.494	8	coloring	leader-follower	hard	wave	pattern-board pen position	applying-board contact force	SNIRF trial-start marker; fixed 20-s task duration; completion time from behavior
dyad-019	run-02	329.090909	20.000	11.386	9	coloring	leader-follower	hard	wave	pattern-board pen position	applying-board contact force	SNIRF trial-start marker; fixed 20-s task duration; completion time from behavior
dyad-019	run-02	367.727273	20.000	8.935	10	coloring	leader-follower	hard	wave	pattern-board pen position	applying-board contact force	SNIRF trial-start marker; fixed 20-s task duration; completion time from behavior
dyad-019	run-02	406.363636	20.000	9.577	11	coloring	leader-follower	hard	wave	pattern-board pen position	applying-board contact force	SNIRF trial-start marker; fixed 20-s task duration; completion time from behavior
dyad-019	run-02	445.000000	20.000	10.276	12	coloring	leader-follower	hard	wave	pattern-board pen position	applying-board contact force	SNIRF trial-start marker; fixed 20-s task duration; completion time from behavior
dyad-019	run-02	483.636364	20.000	10.395	13	coloring	leader-follower	hard	wave	pattern-board pen position	applying-board contact force	SNIRF trial-start marker; fixed 20-s task duration; completion time from behavior
dyad-019	run-02	522.363636	20.000	9.414	14	coloring	leader-follower	hard	wave	pattern-board pen position	applying-board contact force	SNIRF trial-start marker; fixed 20-s task duration; completion time from behavior
dyad-019	run-02	560.909091	20.000	11.530	15	coloring	leader-follower	hard	wave	pattern-board pen position	applying-board contact force	SNIRF trial-start marker; fixed 20-s task duration; completion time from behavior
dyad-019	run-03	138.909091	20.000	6.978	1	coloring	egalitarian	easy	carrot	x-axis position and contact force	y-axis position and contact force	SNIRF trial-start marker; fixed 20-s task duration; completion time from behavior
dyad-019	run-03	177.363636	20.000	6.237	2	coloring	egalitarian	easy	carrot	x-axis position and contact force	y-axis position and contact force	SNIRF trial-start marker; fixed 20-s task duration; completion time from behavior
dyad-019	run-03	215.818182	20.000	6.237	3	coloring	egalitarian	easy	carrot	x-axis position and contact force	y-axis position and contact force	SNIRF trial-start marker; fixed 20-s task duration; completion time from behavior
dyad-019	run-03	254.272727	20.000	6.237	4	coloring	egalitarian	easy	carrot	x-axis position and contact force	y-axis position and contact force	SNIRF trial-start marker; fixed 20-s task duration; completion time from behavior
dyad-019	run-03	292.727273	20.000	7.755	5	coloring	egalitarian	easy	carrot	x-axis position and contact force	y-axis position and contact force	SNIRF trial-start marker; fixed 20-s task duration; completion time from behavior
dyad-019	run-03	331.181818	20.000	8.402	6	coloring	egalitarian	easy	carrot	x-axis position and contact force	y-axis position and contact force	SNIRF trial-start marker; fixed 20-s task duration; completion time from behavior
dyad-019	run-03	369.818182	20.000	10.999	7	coloring	egalitarian	easy	carrot	x-axis position and contact force	y-axis position and contact force	SNIRF trial-start marker; fixed 20-s task duration; completion time from behavior
dyad-019	run-03	408.454545	20.000	10.999	8	coloring	egalitarian	easy	carrot	x-axis position and contact force	y-axis position and contact force	SNIRF trial-start marker; fixed 20-s task duration; completion time from behavior
dyad-019	run-03	447.090909	20.000	9.314	9	coloring	egalitarian	easy	carrot	x-axis position and contact force	y-axis position and contact force	SNIRF trial-start marker; fixed 20-s task duration; completion time from behavior
dyad-019	run-03	485.636364	20.000	8.568	10	coloring	egalitarian	easy	carrot	x-axis position and contact force	y-axis position and contact force	SNIRF trial-start marker; fixed 20-s task duration; completion time from behavior
dyad-019	run-03	524.363636	20.000	7.696	11	coloring	egalitarian	easy	carrot	x-axis position and contact force	y-axis position and contact force	SNIRF trial-start marker; fixed 20-s task duration; completion time from behavior
dyad-019	run-03	562.909091	20.000	7.853	12	coloring	egalitarian	easy	carrot	x-axis position and contact force	y-axis position and contact force	SNIRF trial-start marker; fixed 20-s task duration; completion time from behavior
dyad-019	run-03	601.363636	20.000	8.008	13	coloring	egalitarian	easy	carrot	x-axis position and contact force	y-axis position and contact force	SNIRF trial-start marker; fixed 20-s task duration; completion time from behavior
dyad-019	run-03	639.909091	20.000	7.034	14	coloring	egalitarian	easy	carrot	x-axis position and contact force	y-axis position and contact force	SNIRF trial-start marker; fixed 20-s task duration; completion time from behavior
dyad-019	run-03	678.363636	20.000	7.034	15	coloring	egalitarian	easy	carrot	x-axis position and contact force	y-axis position and contact force	SNIRF trial-start marker; fixed 20-s task duration; completion time from behavior
dyad-019	run-04	24.000000	20.000	8.829	1	coloring	egalitarian	hard	wave	x-axis position and contact force	y-axis position and contact force	SNIRF trial-start marker; fixed 20-s task duration; completion time from behavior
dyad-019	run-04	62.636364	20.000	8.703	2	coloring	egalitarian	hard	wave	x-axis position and contact force	y-axis position and contact force	SNIRF trial-start marker; fixed 20-s task duration; completion time from behavior
dyad-019	run-04	101.272727	20.000	11.276	3	coloring	egalitarian	hard	wave	x-axis position and contact force	y-axis position and contact force	SNIRF trial-start marker; fixed 20-s task duration; completion time from behavior
dyad-019	run-04	140.181818	20.000	10.740	4	coloring	egalitarian	hard	wave	x-axis position and contact force	y-axis position and contact force	SNIRF trial-start marker; fixed 20-s task duration; completion time from behavior
dyad-019	run-04	179.272727	20.000	9.043	5	coloring	egalitarian	hard	wave	x-axis position and contact force	y-axis position and contact force	SNIRF trial-start marker; fixed 20-s task duration; completion time from behavior
dyad-019	run-04	218.181818	20.000	11.213	6	coloring	egalitarian	hard	wave	x-axis position and contact force	y-axis position and contact force	SNIRF trial-start marker; fixed 20-s task duration; completion time from behavior
dyad-019	run-04	257.272727	20.000	9.639	7	coloring	egalitarian	hard	wave	x-axis position and contact force	y-axis position and contact force	SNIRF trial-start marker; fixed 20-s task duration; completion time from behavior
dyad-019	run-04	296.181818	20.000	8.927	8	coloring	egalitarian	hard	wave	x-axis position and contact force	y-axis position and contact force	SNIRF trial-start marker; fixed 20-s task duration; completion time from behavior
dyad-019	run-04	334.818182	20.000	8.617	9	coloring	egalitarian	hard	wave	x-axis position and contact force	y-axis position and contact force	SNIRF trial-start marker; fixed 20-s task duration; completion time from behavior
dyad-019	run-04	373.636364	20.000	10.698	10	coloring	egalitarian	hard	wave	x-axis position and contact force	y-axis position and contact force	SNIRF trial-start marker; fixed 20-s task duration; completion time from behavior
dyad-019	run-04	412.727273	20.000	9.735	11	coloring	egalitarian	hard	wave	x-axis position and contact force	y-axis position and contact force	SNIRF trial-start marker; fixed 20-s task duration; completion time from behavior
dyad-019	run-04	451.363636	20.000	9.694	12	coloring	egalitarian	hard	wave	x-axis position and contact force	y-axis position and contact force	SNIRF trial-start marker; fixed 20-s task duration; completion time from behavior
dyad-019	run-04	490.272727	20.000	11.506	13	coloring	egalitarian	hard	wave	x-axis position and contact force	y-axis position and contact force	SNIRF trial-start marker; fixed 20-s task duration; completion time from behavior
dyad-019	run-04	529.181818	20.000	9.796	14	coloring	egalitarian	hard	wave	x-axis position and contact force	y-axis position and contact force	SNIRF trial-start marker; fixed 20-s task duration; completion time from behavior
dyad-019	run-04	568.090909	20.000	9.796	15	coloring	egalitarian	hard	wave	x-axis position and contact force	y-axis position and contact force	SNIRF trial-start marker; fixed 20-s task duration; completion time from behavior
dyad-020	run-01	20.818182	20.000	12.531	1	coloring	leader-follower	easy	carrot	pattern-board pen position	applying-board contact force	SNIRF trial-start marker; fixed 20-s task duration; completion time from behavior
dyad-020	run-01	59.545455	20.000	11.867	2	coloring	leader-follower	easy	carrot	pattern-board pen position	applying-board contact force	SNIRF trial-start marker; fixed 20-s task duration; completion time from behavior
dyad-020	run-01	98.363636	20.000	13.322	3	coloring	leader-follower	easy	carrot	pattern-board pen position	applying-board contact force	SNIRF trial-start marker; fixed 20-s task duration; completion time from behavior
dyad-020	run-01	137.272727	20.000	12.640	4	coloring	leader-follower	easy	carrot	pattern-board pen position	applying-board contact force	SNIRF trial-start marker; fixed 20-s task duration; completion time from behavior
dyad-020	run-01	176.090909	20.000	11.598	5	coloring	leader-follower	easy	carrot	pattern-board pen position	applying-board contact force	SNIRF trial-start marker; fixed 20-s task duration; completion time from behavior
dyad-020	run-01	214.818182	20.000	11.598	6	coloring	leader-follower	easy	carrot	pattern-board pen position	applying-board contact force	SNIRF trial-start marker; fixed 20-s task duration; completion time from behavior
dyad-020	run-01	253.545455	20.000	12.665	7	coloring	leader-follower	easy	carrot	pattern-board pen position	applying-board contact force	SNIRF trial-start marker; fixed 20-s task duration; completion time from behavior
dyad-020	run-01	292.363636	20.000	12.538	8	coloring	leader-follower	easy	carrot	pattern-board pen position	applying-board contact force	SNIRF trial-start marker; fixed 20-s task duration; completion time from behavior
dyad-020	run-01	331.181818	20.000	10.969	9	coloring	leader-follower	easy	carrot	pattern-board pen position	applying-board contact force	SNIRF trial-start marker; fixed 20-s task duration; completion time from behavior
dyad-020	run-01	369.909091	20.000	12.502	10	coloring	leader-follower	easy	carrot	pattern-board pen position	applying-board contact force	SNIRF trial-start marker; fixed 20-s task duration; completion time from behavior
dyad-020	run-01	408.727273	20.000	12.186	11	coloring	leader-follower	easy	carrot	pattern-board pen position	applying-board contact force	SNIRF trial-start marker; fixed 20-s task duration; completion time from behavior
dyad-020	run-01	447.545455	20.000	12.186	12	coloring	leader-follower	easy	carrot	pattern-board pen position	applying-board contact force	SNIRF trial-start marker; fixed 20-s task duration; completion time from behavior
dyad-020	run-01	486.363636	20.000	11.952	13	coloring	leader-follower	easy	carrot	pattern-board pen position	applying-board contact force	SNIRF trial-start marker; fixed 20-s task duration; completion time from behavior
dyad-020	run-01	525.181818	20.000	12.535	14	coloring	leader-follower	easy	carrot	pattern-board pen position	applying-board contact force	SNIRF trial-start marker; fixed 20-s task duration; completion time from behavior
dyad-020	run-01	564.000000	20.000	10.692	15	coloring	leader-follower	easy	carrot	pattern-board pen position	applying-board contact force	SNIRF trial-start marker; fixed 20-s task duration; completion time from behavior
dyad-020	run-02	29.545455	20.000	13.397	1	coloring	leader-follower	hard	wave	pattern-board pen position	applying-board contact force	SNIRF trial-start marker; fixed 20-s task duration; completion time from behavior
dyad-020	run-02	68.363636	20.000	14.997	2	coloring	leader-follower	hard	wave	pattern-board pen position	applying-board contact force	SNIRF trial-start marker; fixed 20-s task duration; completion time from behavior
dyad-020	run-02	107.363636	20.000	12.609	3	coloring	leader-follower	hard	wave	pattern-board pen position	applying-board contact force	SNIRF trial-start marker; fixed 20-s task duration; completion time from behavior
dyad-020	run-02	146.090909	20.000	12.895	4	coloring	leader-follower	hard	wave	pattern-board pen position	applying-board contact force	SNIRF trial-start marker; fixed 20-s task duration; completion time from behavior
dyad-020	run-02	184.909091	20.000	17.766	5	coloring	leader-follower	hard	wave	pattern-board pen position	applying-board contact force	SNIRF trial-start marker; fixed 20-s task duration; completion time from behavior
dyad-020	run-02	224.090909	20.000	13.285	6	coloring	leader-follower	hard	wave	pattern-board pen position	applying-board contact force	SNIRF trial-start marker; fixed 20-s task duration; completion time from behavior
dyad-020	run-02	262.909091	20.000	13.352	7	coloring	leader-follower	hard	wave	pattern-board pen position	applying-board contact force	SNIRF trial-start marker; fixed 20-s task duration; completion time from behavior
dyad-020	run-02	301.818182	20.000	13.905	8	coloring	leader-follower	hard	wave	pattern-board pen position	applying-board contact force	SNIRF trial-start marker; fixed 20-s task duration; completion time from behavior
dyad-020	run-02	340.636364	20.000	13.905	9	coloring	leader-follower	hard	wave	pattern-board pen position	applying-board contact force	SNIRF trial-start marker; fixed 20-s task duration; completion time from behavior
dyad-020	run-02	379.727273	20.000	16.160	10	coloring	leader-follower	hard	wave	pattern-board pen position	applying-board contact force	SNIRF trial-start marker; fixed 20-s task duration; completion time from behavior
dyad-020	run-02	418.818182	20.000	14.587	11	coloring	leader-follower	hard	wave	pattern-board pen position	applying-board contact force	SNIRF trial-start marker; fixed 20-s task duration; completion time from behavior
dyad-020	run-02	457.727273	20.000	14.442	12	coloring	leader-follower	hard	wave	pattern-board pen position	applying-board contact force	SNIRF trial-start marker; fixed 20-s task duration; completion time from behavior
dyad-020	run-02	496.636364	20.000	11.174	13	coloring	leader-follower	hard	wave	pattern-board pen position	applying-board contact force	SNIRF trial-start marker; fixed 20-s task duration; completion time from behavior
dyad-020	run-02	535.363636	20.000	13.219	14	coloring	leader-follower	hard	wave	pattern-board pen position	applying-board contact force	SNIRF trial-start marker; fixed 20-s task duration; completion time from behavior
dyad-020	run-02	574.181818	20.000	13.159	15	coloring	leader-follower	hard	wave	pattern-board pen position	applying-board contact force	SNIRF trial-start marker; fixed 20-s task duration; completion time from behavior
dyad-020	run-03	22.272727	20.000	12.565	1	coloring	egalitarian	easy	carrot	x-axis position and contact force	y-axis position and contact force	SNIRF trial-start marker; fixed 20-s task duration; completion time from behavior
dyad-020	run-03	61.000000	20.000	13.457	2	coloring	egalitarian	easy	carrot	x-axis position and contact force	y-axis position and contact force	SNIRF trial-start marker; fixed 20-s task duration; completion time from behavior
dyad-020	run-03	99.909091	20.000	14.371	3	coloring	egalitarian	easy	carrot	x-axis position and contact force	y-axis position and contact force	SNIRF trial-start marker; fixed 20-s task duration; completion time from behavior
dyad-020	run-03	138.818182	20.000	15.257	4	coloring	egalitarian	easy	carrot	x-axis position and contact force	y-axis position and contact force	SNIRF trial-start marker; fixed 20-s task duration; completion time from behavior
dyad-020	run-03	177.818182	20.000	12.944	5	coloring	egalitarian	easy	carrot	x-axis position and contact force	y-axis position and contact force	SNIRF trial-start marker; fixed 20-s task duration; completion time from behavior
dyad-020	run-03	216.818182	20.000	14.665	6	coloring	egalitarian	easy	carrot	x-axis position and contact force	y-axis position and contact force	SNIRF trial-start marker; fixed 20-s task duration; completion time from behavior
dyad-020	run-03	255.727273	20.000	9.381	7	coloring	egalitarian	easy	carrot	x-axis position and contact force	y-axis position and contact force	SNIRF trial-start marker; fixed 20-s task duration; completion time from behavior
dyad-020	run-03	294.363636	20.000	10.287	8	coloring	egalitarian	easy	carrot	x-axis position and contact force	y-axis position and contact force	SNIRF trial-start marker; fixed 20-s task duration; completion time from behavior
dyad-020	run-03	333.000000	20.000	11.837	9	coloring	egalitarian	easy	carrot	x-axis position and contact force	y-axis position and contact force	SNIRF trial-start marker; fixed 20-s task duration; completion time from behavior
dyad-020	run-03	371.818182	20.000	11.145	10	coloring	egalitarian	easy	carrot	x-axis position and contact force	y-axis position and contact force	SNIRF trial-start marker; fixed 20-s task duration; completion time from behavior
dyad-020	run-03	410.454545	20.000	11.470	11	coloring	egalitarian	easy	carrot	x-axis position and contact force	y-axis position and contact force	SNIRF trial-start marker; fixed 20-s task duration; completion time from behavior
dyad-020	run-03	449.272727	20.000	11.394	12	coloring	egalitarian	easy	carrot	x-axis position and contact force	y-axis position and contact force	SNIRF trial-start marker; fixed 20-s task duration; completion time from behavior
dyad-020	run-03	488.000000	20.000	11.020	13	coloring	egalitarian	easy	carrot	x-axis position and contact force	y-axis position and contact force	SNIRF trial-start marker; fixed 20-s task duration; completion time from behavior
dyad-020	run-03	526.818182	20.000	11.156	14	coloring	egalitarian	easy	carrot	x-axis position and contact force	y-axis position and contact force	SNIRF trial-start marker; fixed 20-s task duration; completion time from behavior
dyad-020	run-03	565.545455	20.000	12.209	15	coloring	egalitarian	easy	carrot	x-axis position and contact force	y-axis position and contact force	SNIRF trial-start marker; fixed 20-s task duration; completion time from behavior
dyad-020	run-04	17.272727	20.000	10.909	1	coloring	egalitarian	hard	wave	x-axis position and contact force	y-axis position and contact force	SNIRF trial-start marker; fixed 20-s task duration; completion time from behavior
dyad-020	run-04	56.000000	20.000	11.246	2	coloring	egalitarian	hard	wave	x-axis position and contact force	y-axis position and contact force	SNIRF trial-start marker; fixed 20-s task duration; completion time from behavior
dyad-020	run-04	94.727273	20.000	10.200	3	coloring	egalitarian	hard	wave	x-axis position and contact force	y-axis position and contact force	SNIRF trial-start marker; fixed 20-s task duration; completion time from behavior
dyad-020	run-04	133.454545	20.000	10.514	4	coloring	egalitarian	hard	wave	x-axis position and contact force	y-axis position and contact force	SNIRF trial-start marker; fixed 20-s task duration; completion time from behavior
dyad-020	run-04	172.181818	20.000	10.665	5	coloring	egalitarian	hard	wave	x-axis position and contact force	y-axis position and contact force	SNIRF trial-start marker; fixed 20-s task duration; completion time from behavior
dyad-020	run-04	210.818182	20.000	10.374	6	coloring	egalitarian	hard	wave	x-axis position and contact force	y-axis position and contact force	SNIRF trial-start marker; fixed 20-s task duration; completion time from behavior
dyad-020	run-04	249.545455	20.000	12.514	7	coloring	egalitarian	hard	wave	x-axis position and contact force	y-axis position and contact force	SNIRF trial-start marker; fixed 20-s task duration; completion time from behavior
dyad-020	run-04	288.363636	20.000	10.837	8	coloring	egalitarian	hard	wave	x-axis position and contact force	y-axis position and contact force	SNIRF trial-start marker; fixed 20-s task duration; completion time from behavior
dyad-020	run-04	327.090909	20.000	10.479	9	coloring	egalitarian	hard	wave	x-axis position and contact force	y-axis position and contact force	SNIRF trial-start marker; fixed 20-s task duration; completion time from behavior
dyad-020	run-04	365.818182	20.000	11.309	10	coloring	egalitarian	hard	wave	x-axis position and contact force	y-axis position and contact force	SNIRF trial-start marker; fixed 20-s task duration; completion time from behavior
dyad-020	run-04	404.545455	20.000	10.835	11	coloring	egalitarian	hard	wave	x-axis position and contact force	y-axis position and contact force	SNIRF trial-start marker; fixed 20-s task duration; completion time from behavior
dyad-020	run-04	443.272727	20.000	10.900	12	coloring	egalitarian	hard	wave	x-axis position and contact force	y-axis position and contact force	SNIRF trial-start marker; fixed 20-s task duration; completion time from behavior
dyad-020	run-04	481.909091	20.000	11.609	13	coloring	egalitarian	hard	wave	x-axis position and contact force	y-axis position and contact force	SNIRF trial-start marker; fixed 20-s task duration; completion time from behavior
dyad-020	run-04	520.727273	20.000	10.343	14	coloring	egalitarian	hard	wave	x-axis position and contact force	y-axis position and contact force	SNIRF trial-start marker; fixed 20-s task duration; completion time from behavior
dyad-020	run-04	559.454545	20.000	11.416	15	coloring	egalitarian	hard	wave	x-axis position and contact force	y-axis position and contact force	SNIRF trial-start marker; fixed 20-s task duration; completion time from behavior
dyad-021	run-01	21.000000	20.000	10.066	1	coloring	leader-follower	easy	carrot	pattern-board pen position	applying-board contact force	SNIRF trial-start marker; fixed 20-s task duration; completion time from behavior
dyad-021	run-01	59.636364	20.000	8.390	2	coloring	leader-follower	easy	carrot	pattern-board pen position	applying-board contact force	SNIRF trial-start marker; fixed 20-s task duration; completion time from behavior
dyad-021	run-01	98.181818	20.000	10.685	3	coloring	leader-follower	easy	carrot	pattern-board pen position	applying-board contact force	SNIRF trial-start marker; fixed 20-s task duration; completion time from behavior
dyad-021	run-01	136.909091	20.000	10.685	4	coloring	leader-follower	easy	carrot	pattern-board pen position	applying-board contact force	SNIRF trial-start marker; fixed 20-s task duration; completion time from behavior
dyad-021	run-01	175.545455	20.000	8.398	5	coloring	leader-follower	easy	carrot	pattern-board pen position	applying-board contact force	SNIRF trial-start marker; fixed 20-s task duration; completion time from behavior
dyad-021	run-01	214.090909	20.000	8.416	6	coloring	leader-follower	easy	carrot	pattern-board pen position	applying-board contact force	SNIRF trial-start marker; fixed 20-s task duration; completion time from behavior
dyad-021	run-01	252.727273	20.000	8.416	7	coloring	leader-follower	easy	carrot	pattern-board pen position	applying-board contact force	SNIRF trial-start marker; fixed 20-s task duration; completion time from behavior
dyad-021	run-01	291.181818	20.000	10.404	8	coloring	leader-follower	easy	carrot	pattern-board pen position	applying-board contact force	SNIRF trial-start marker; fixed 20-s task duration; completion time from behavior
dyad-021	run-01	329.909091	20.000	11.178	9	coloring	leader-follower	easy	carrot	pattern-board pen position	applying-board contact force	SNIRF trial-start marker; fixed 20-s task duration; completion time from behavior
dyad-021	run-01	368.636364	20.000	10.797	10	coloring	leader-follower	easy	carrot	pattern-board pen position	applying-board contact force	SNIRF trial-start marker; fixed 20-s task duration; completion time from behavior
dyad-021	run-01	407.363636	20.000	9.645	11	coloring	leader-follower	easy	carrot	pattern-board pen position	applying-board contact force	SNIRF trial-start marker; fixed 20-s task duration; completion time from behavior
dyad-021	run-01	446.090909	20.000	9.645	12	coloring	leader-follower	easy	carrot	pattern-board pen position	applying-board contact force	SNIRF trial-start marker; fixed 20-s task duration; completion time from behavior
dyad-021	run-01	484.727273	20.000	11.267	13	coloring	leader-follower	easy	carrot	pattern-board pen position	applying-board contact force	SNIRF trial-start marker; fixed 20-s task duration; completion time from behavior
dyad-021	run-01	523.454545	20.000	12.184	14	coloring	leader-follower	easy	carrot	pattern-board pen position	applying-board contact force	SNIRF trial-start marker; fixed 20-s task duration; completion time from behavior
dyad-021	run-01	562.272727	20.000	9.941	15	coloring	leader-follower	easy	carrot	pattern-board pen position	applying-board contact force	SNIRF trial-start marker; fixed 20-s task duration; completion time from behavior
dyad-021	run-02	20.909091	20.000	12.214	1	coloring	leader-follower	hard	wave	pattern-board pen position	applying-board contact force	SNIRF trial-start marker; fixed 20-s task duration; completion time from behavior
dyad-021	run-02	59.727273	20.000	13.463	2	coloring	leader-follower	hard	wave	pattern-board pen position	applying-board contact force	SNIRF trial-start marker; fixed 20-s task duration; completion time from behavior
dyad-021	run-02	98.545455	20.000	13.602	3	coloring	leader-follower	hard	wave	pattern-board pen position	applying-board contact force	SNIRF trial-start marker; fixed 20-s task duration; completion time from behavior
dyad-021	run-02	137.454545	20.000	13.195	4	coloring	leader-follower	hard	wave	pattern-board pen position	applying-board contact force	SNIRF trial-start marker; fixed 20-s task duration; completion time from behavior
dyad-021	run-02	176.272727	20.000	14.227	5	coloring	leader-follower	hard	wave	pattern-board pen position	applying-board contact force	SNIRF trial-start marker; fixed 20-s task duration; completion time from behavior
dyad-021	run-02	215.181818	20.000	14.252	6	coloring	leader-follower	hard	wave	pattern-board pen position	applying-board contact force	SNIRF trial-start marker; fixed 20-s task duration; completion time from behavior
dyad-021	run-02	254.090909	20.000	16.397	7	coloring	leader-follower	hard	wave	pattern-board pen position	applying-board contact force	SNIRF trial-start marker; fixed 20-s task duration; completion time from behavior
dyad-021	run-02	293.090909	20.000	16.070	8	coloring	leader-follower	hard	wave	pattern-board pen position	applying-board contact force	SNIRF trial-start marker; fixed 20-s task duration; completion time from behavior
dyad-021	run-02	332.090909	20.000	14.640	9	coloring	leader-follower	hard	wave	pattern-board pen position	applying-board contact force	SNIRF trial-start marker; fixed 20-s task duration; completion time from behavior
dyad-021	run-02	371.000000	20.000	14.640	10	coloring	leader-follower	hard	wave	pattern-board pen position	applying-board contact force	SNIRF trial-start marker; fixed 20-s task duration; completion time from behavior
dyad-021	run-02	409.909091	20.000	15.605	11	coloring	leader-follower	hard	wave	pattern-board pen position	applying-board contact force	SNIRF trial-start marker; fixed 20-s task duration; completion time from behavior
dyad-021	run-02	448.909091	20.000	16.359	12	coloring	leader-follower	hard	wave	pattern-board pen position	applying-board contact force	SNIRF trial-start marker; fixed 20-s task duration; completion time from behavior
dyad-021	run-02	487.909091	20.000	16.359	13	coloring	leader-follower	hard	wave	pattern-board pen position	applying-board contact force	SNIRF trial-start marker; fixed 20-s task duration; completion time from behavior
dyad-021	run-02	526.818182	20.000	12.274	14	coloring	leader-follower	hard	wave	pattern-board pen position	applying-board contact force	SNIRF trial-start marker; fixed 20-s task duration; completion time from behavior
dyad-021	run-02	565.636364	20.000	13.958	15	coloring	leader-follower	hard	wave	pattern-board pen position	applying-board contact force	SNIRF trial-start marker; fixed 20-s task duration; completion time from behavior
dyad-021	run-03	31.545455	20.000	11.846	1	coloring	egalitarian	easy	carrot	x-axis position and contact force	y-axis position and contact force	SNIRF trial-start marker; fixed 20-s task duration; completion time from behavior
dyad-021	run-03	70.909091	20.000	12.958	2	coloring	egalitarian	easy	carrot	x-axis position and contact force	y-axis position and contact force	SNIRF trial-start marker; fixed 20-s task duration; completion time from behavior
dyad-021	run-03	109.636364	20.000	12.443	3	coloring	egalitarian	easy	carrot	x-axis position and contact force	y-axis position and contact force	SNIRF trial-start marker; fixed 20-s task duration; completion time from behavior
dyad-021	run-03	148.363636	20.000	11.548	4	coloring	egalitarian	easy	carrot	x-axis position and contact force	y-axis position and contact force	SNIRF trial-start marker; fixed 20-s task duration; completion time from behavior
dyad-021	run-03	187.090909	20.000	12.868	5	coloring	egalitarian	easy	carrot	x-axis position and contact force	y-axis position and contact force	SNIRF trial-start marker; fixed 20-s task duration; completion time from behavior
dyad-021	run-03	225.818182	20.000	11.426	6	coloring	egalitarian	easy	carrot	x-axis position and contact force	y-axis position and contact force	SNIRF trial-start marker; fixed 20-s task duration; completion time from behavior
dyad-021	run-03	264.454545	20.000	13.320	7	coloring	egalitarian	easy	carrot	x-axis position and contact force	y-axis position and contact force	SNIRF trial-start marker; fixed 20-s task duration; completion time from behavior
dyad-021	run-03	303.272727	20.000	12.908	8	coloring	egalitarian	easy	carrot	x-axis position and contact force	y-axis position and contact force	SNIRF trial-start marker; fixed 20-s task duration; completion time from behavior
dyad-021	run-03	342.090909	20.000	9.897	9	coloring	egalitarian	easy	carrot	x-axis position and contact force	y-axis position and contact force	SNIRF trial-start marker; fixed 20-s task duration; completion time from behavior
dyad-021	run-03	380.636364	20.000	9.002	10	coloring	egalitarian	easy	carrot	x-axis position and contact force	y-axis position and contact force	SNIRF trial-start marker; fixed 20-s task duration; completion time from behavior
dyad-021	run-03	419.181818	20.000	13.041	11	coloring	egalitarian	easy	carrot	x-axis position and contact force	y-axis position and contact force	SNIRF trial-start marker; fixed 20-s task duration; completion time from behavior
dyad-021	run-03	458.000000	20.000	12.672	12	coloring	egalitarian	easy	carrot	x-axis position and contact force	y-axis position and contact force	SNIRF trial-start marker; fixed 20-s task duration; completion time from behavior
dyad-021	run-03	496.818182	20.000	9.109	13	coloring	egalitarian	easy	carrot	x-axis position and contact force	y-axis position and contact force	SNIRF trial-start marker; fixed 20-s task duration; completion time from behavior
dyad-021	run-03	535.363636	20.000	11.964	14	coloring	egalitarian	easy	carrot	x-axis position and contact force	y-axis position and contact force	SNIRF trial-start marker; fixed 20-s task duration; completion time from behavior
dyad-021	run-03	574.090909	20.000	13.125	15	coloring	egalitarian	easy	carrot	x-axis position and contact force	y-axis position and contact force	SNIRF trial-start marker; fixed 20-s task duration; completion time from behavior
dyad-021	run-04	26.545455	20.000	12.870	1	coloring	egalitarian	hard	wave	x-axis position and contact force	y-axis position and contact force	SNIRF trial-start marker; fixed 20-s task duration; completion time from behavior
dyad-021	run-04	65.272727	20.000	14.153	2	coloring	egalitarian	hard	wave	x-axis position and contact force	y-axis position and contact force	SNIRF trial-start marker; fixed 20-s task duration; completion time from behavior
dyad-021	run-04	104.363636	20.000	12.731	3	coloring	egalitarian	hard	wave	x-axis position and contact force	y-axis position and contact force	SNIRF trial-start marker; fixed 20-s task duration; completion time from behavior
dyad-021	run-04	143.272727	20.000	12.731	4	coloring	egalitarian	hard	wave	x-axis position and contact force	y-axis position and contact force	SNIRF trial-start marker; fixed 20-s task duration; completion time from behavior
dyad-021	run-04	182.272727	20.000	13.969	5	coloring	egalitarian	hard	wave	x-axis position and contact force	y-axis position and contact force	SNIRF trial-start marker; fixed 20-s task duration; completion time from behavior
dyad-021	run-04	221.272727	20.000	12.662	6	coloring	egalitarian	hard	wave	x-axis position and contact force	y-axis position and contact force	SNIRF trial-start marker; fixed 20-s task duration; completion time from behavior
dyad-021	run-04	260.272727	20.000	13.979	7	coloring	egalitarian	hard	wave	x-axis position and contact force	y-axis position and contact force	SNIRF trial-start marker; fixed 20-s task duration; completion time from behavior
dyad-021	run-04	299.272727	20.000	12.562	8	coloring	egalitarian	hard	wave	x-axis position and contact force	y-axis position and contact force	SNIRF trial-start marker; fixed 20-s task duration; completion time from behavior
dyad-021	run-04	338.181818	20.000	15.576	9	coloring	egalitarian	hard	wave	x-axis position and contact force	y-axis position and contact force	SNIRF trial-start marker; fixed 20-s task duration; completion time from behavior
dyad-021	run-04	377.272727	20.000	14.730	10	coloring	egalitarian	hard	wave	x-axis position and contact force	y-axis position and contact force	SNIRF trial-start marker; fixed 20-s task duration; completion time from behavior
dyad-021	run-04	416.363636	20.000	14.007	11	coloring	egalitarian	hard	wave	x-axis position and contact force	y-axis position and contact force	SNIRF trial-start marker; fixed 20-s task duration; completion time from behavior
dyad-021	run-04	455.454545	20.000	14.007	12	coloring	egalitarian	hard	wave	x-axis position and contact force	y-axis position and contact force	SNIRF trial-start marker; fixed 20-s task duration; completion time from behavior
dyad-021	run-04	494.363636	20.000	12.922	13	coloring	egalitarian	hard	wave	x-axis position and contact force	y-axis position and contact force	SNIRF trial-start marker; fixed 20-s task duration; completion time from behavior
dyad-021	run-04	533.363636	20.000	12.529	14	coloring	egalitarian	hard	wave	x-axis position and contact force	y-axis position and contact force	SNIRF trial-start marker; fixed 20-s task duration; completion time from behavior
dyad-021	run-04	572.272727	20.000	13.378	15	coloring	egalitarian	hard	wave	x-axis position and contact force	y-axis position and contact force	SNIRF trial-start marker; fixed 20-s task duration; completion time from behavior
dyad-022	run-01	35.363636	20.000	11.248	1	coloring	leader-follower	easy	carrot	pattern-board pen position	applying-board contact force	SNIRF trial-start marker; fixed 20-s task duration; completion time from behavior
dyad-022	run-01	74.000000	20.000	12.136	2	coloring	leader-follower	easy	carrot	pattern-board pen position	applying-board contact force	SNIRF trial-start marker; fixed 20-s task duration; completion time from behavior
dyad-022	run-01	113.000000	20.000	16.411	3	coloring	leader-follower	easy	carrot	pattern-board pen position	applying-board contact force	SNIRF trial-start marker; fixed 20-s task duration; completion time from behavior
dyad-022	run-01	152.090909	20.000	7.848	4	coloring	leader-follower	easy	carrot	pattern-board pen position	applying-board contact force	SNIRF trial-start marker; fixed 20-s task duration; completion time from behavior
dyad-022	run-01	190.636364	20.000	15.157	5	coloring	leader-follower	easy	carrot	pattern-board pen position	applying-board contact force	SNIRF trial-start marker; fixed 20-s task duration; completion time from behavior
dyad-022	run-01	229.727273	20.000	7.812	6	coloring	leader-follower	easy	carrot	pattern-board pen position	applying-board contact force	SNIRF trial-start marker; fixed 20-s task duration; completion time from behavior
dyad-022	run-01	268.363636	20.000	9.635	7	coloring	leader-follower	easy	carrot	pattern-board pen position	applying-board contact force	SNIRF trial-start marker; fixed 20-s task duration; completion time from behavior
dyad-022	run-01	307.000000	20.000	19.509	8	coloring	leader-follower	easy	carrot	pattern-board pen position	applying-board contact force	SNIRF trial-start marker; fixed 20-s task duration; completion time from behavior
dyad-022	run-01	346.272727	20.000	6.041	9	coloring	leader-follower	easy	carrot	pattern-board pen position	applying-board contact force	SNIRF trial-start marker; fixed 20-s task duration; completion time from behavior
dyad-022	run-01	384.727273	20.000	8.429	10	coloring	leader-follower	easy	carrot	pattern-board pen position	applying-board contact force	SNIRF trial-start marker; fixed 20-s task duration; completion time from behavior
dyad-022	run-01	423.272727	20.000	7.842	11	coloring	leader-follower	easy	carrot	pattern-board pen position	applying-board contact force	SNIRF trial-start marker; fixed 20-s task duration; completion time from behavior
dyad-022	run-01	461.818182	20.000	9.639	12	coloring	leader-follower	easy	carrot	pattern-board pen position	applying-board contact force	SNIRF trial-start marker; fixed 20-s task duration; completion time from behavior
dyad-022	run-01	500.454545	20.000	17.309	13	coloring	leader-follower	easy	carrot	pattern-board pen position	applying-board contact force	SNIRF trial-start marker; fixed 20-s task duration; completion time from behavior
dyad-022	run-01	539.727273	20.000	5.477	14	coloring	leader-follower	easy	carrot	pattern-board pen position	applying-board contact force	SNIRF trial-start marker; fixed 20-s task duration; completion time from behavior
dyad-022	run-01	578.090909	20.000	8.407	15	coloring	leader-follower	easy	carrot	pattern-board pen position	applying-board contact force	SNIRF trial-start marker; fixed 20-s task duration; completion time from behavior
dyad-022	run-02	39.909091	20.000	15.293	1	coloring	leader-follower	hard	wave	pattern-board pen position	applying-board contact force	SNIRF trial-start marker; fixed 20-s task duration; completion time from behavior
dyad-022	run-02	79.181818	20.000	13.549	2	coloring	leader-follower	hard	wave	pattern-board pen position	applying-board contact force	SNIRF trial-start marker; fixed 20-s task duration; completion time from behavior
dyad-022	run-02	118.090909	20.000	18.578	3	coloring	leader-follower	hard	wave	pattern-board pen position	applying-board contact force	SNIRF trial-start marker; fixed 20-s task duration; completion time from behavior
dyad-022	run-02	157.363636	20.000	18.492	4	coloring	leader-follower	hard	wave	pattern-board pen position	applying-board contact force	SNIRF trial-start marker; fixed 20-s task duration; completion time from behavior
dyad-022	run-02	196.818182	20.000	14.069	5	coloring	leader-follower	hard	wave	pattern-board pen position	applying-board contact force	SNIRF trial-start marker; fixed 20-s task duration; completion time from behavior
dyad-022	run-02	236.000000	20.000	10.450	6	coloring	leader-follower	hard	wave	pattern-board pen position	applying-board contact force	SNIRF trial-start marker; fixed 20-s task duration; completion time from behavior
dyad-022	run-02	274.636364	20.000	18.557	7	coloring	leader-follower	hard	wave	pattern-board pen position	applying-board contact force	SNIRF trial-start marker; fixed 20-s task duration; completion time from behavior
dyad-022	run-02	313.909091	20.000	18.557	8	coloring	leader-follower	hard	wave	pattern-board pen position	applying-board contact force	SNIRF trial-start marker; fixed 20-s task duration; completion time from behavior
dyad-022	run-02	352.727273	20.000	18.876	9	coloring	leader-follower	hard	wave	pattern-board pen position	applying-board contact force	SNIRF trial-start marker; fixed 20-s task duration; completion time from behavior
dyad-022	run-02	391.909091	20.000	18.876	10	coloring	leader-follower	hard	wave	pattern-board pen position	applying-board contact force	SNIRF trial-start marker; fixed 20-s task duration; completion time from behavior
dyad-022	run-02	431.090909	20.000	14.922	11	coloring	leader-follower	hard	wave	pattern-board pen position	applying-board contact force	SNIRF trial-start marker; fixed 20-s task duration; completion time from behavior
dyad-022	run-02	469.909091	20.000	11.814	12	coloring	leader-follower	hard	wave	pattern-board pen position	applying-board contact force	SNIRF trial-start marker; fixed 20-s task duration; completion time from behavior
dyad-022	run-02	508.636364	20.000	14.114	13	coloring	leader-follower	hard	wave	pattern-board pen position	applying-board contact force	SNIRF trial-start marker; fixed 20-s task duration; completion time from behavior
dyad-022	run-02	547.636364	20.000	17.656	14	coloring	leader-follower	hard	wave	pattern-board pen position	applying-board contact force	SNIRF trial-start marker; fixed 20-s task duration; completion time from behavior
dyad-022	run-02	586.545455	20.000	13.313	15	coloring	leader-follower	hard	wave	pattern-board pen position	applying-board contact force	SNIRF trial-start marker; fixed 20-s task duration; completion time from behavior
dyad-022	run-03	106.909091	20.000	16.076	1	coloring	egalitarian	easy	carrot	x-axis position and contact force	y-axis position and contact force	SNIRF trial-start marker; fixed 20-s task duration; completion time from behavior
dyad-022	run-03	145.909091	20.000	18.039	2	coloring	egalitarian	easy	carrot	x-axis position and contact force	y-axis position and contact force	SNIRF trial-start marker; fixed 20-s task duration; completion time from behavior
dyad-022	run-03	185.090909	20.000	17.793	3	coloring	egalitarian	easy	carrot	x-axis position and contact force	y-axis position and contact force	SNIRF trial-start marker; fixed 20-s task duration; completion time from behavior
dyad-022	run-03	224.181818	20.000	17.795	4	coloring	egalitarian	easy	carrot	x-axis position and contact force	y-axis position and contact force	SNIRF trial-start marker; fixed 20-s task duration; completion time from behavior
dyad-022	run-03	263.272727	20.000	16.993	5	coloring	egalitarian	easy	carrot	x-axis position and contact force	y-axis position and contact force	SNIRF trial-start marker; fixed 20-s task duration; completion time from behavior
dyad-022	run-03	302.272727	20.000	14.030	6	coloring	egalitarian	easy	carrot	x-axis position and contact force	y-axis position and contact force	SNIRF trial-start marker; fixed 20-s task duration; completion time from behavior
dyad-022	run-03	341.181818	20.000	15.813	7	coloring	egalitarian	easy	carrot	x-axis position and contact force	y-axis position and contact force	SNIRF trial-start marker; fixed 20-s task duration; completion time from behavior
dyad-022	run-03	380.181818	20.000	13.117	8	coloring	egalitarian	easy	carrot	x-axis position and contact force	y-axis position and contact force	SNIRF trial-start marker; fixed 20-s task duration; completion time from behavior
dyad-022	run-03	419.090909	20.000	13.564	9	coloring	egalitarian	easy	carrot	x-axis position and contact force	y-axis position and contact force	SNIRF trial-start marker; fixed 20-s task duration; completion time from behavior
dyad-022	run-03	457.909091	20.000	15.959	10	coloring	egalitarian	easy	carrot	x-axis position and contact force	y-axis position and contact force	SNIRF trial-start marker; fixed 20-s task duration; completion time from behavior
dyad-022	run-03	496.909091	20.000	11.565	11	coloring	egalitarian	easy	carrot	x-axis position and contact force	y-axis position and contact force	SNIRF trial-start marker; fixed 20-s task duration; completion time from behavior
dyad-022	run-03	535.636364	20.000	13.782	12	coloring	egalitarian	easy	carrot	x-axis position and contact force	y-axis position and contact force	SNIRF trial-start marker; fixed 20-s task duration; completion time from behavior
dyad-022	run-03	574.636364	20.000	13.126	13	coloring	egalitarian	easy	carrot	x-axis position and contact force	y-axis position and contact force	SNIRF trial-start marker; fixed 20-s task duration; completion time from behavior
dyad-022	run-03	613.545455	20.000	10.592	14	coloring	egalitarian	easy	carrot	x-axis position and contact force	y-axis position and contact force	SNIRF trial-start marker; fixed 20-s task duration; completion time from behavior
dyad-022	run-03	652.272727	20.000	12.353	15	coloring	egalitarian	easy	carrot	x-axis position and contact force	y-axis position and contact force	SNIRF trial-start marker; fixed 20-s task duration; completion time from behavior
dyad-022	run-04	23.272727	20.000	8.791	1	coloring	egalitarian	hard	wave	x-axis position and contact force	y-axis position and contact force	SNIRF trial-start marker; fixed 20-s task duration; completion time from behavior
dyad-022	run-04	61.818182	20.000	10.191	2	coloring	egalitarian	hard	wave	x-axis position and contact force	y-axis position and contact force	SNIRF trial-start marker; fixed 20-s task duration; completion time from behavior
dyad-022	run-04	100.454545	20.000	8.121	3	coloring	egalitarian	hard	wave	x-axis position and contact force	y-axis position and contact force	SNIRF trial-start marker; fixed 20-s task duration; completion time from behavior
dyad-022	run-04	139.000000	20.000	12.829	4	coloring	egalitarian	hard	wave	x-axis position and contact force	y-axis position and contact force	SNIRF trial-start marker; fixed 20-s task duration; completion time from behavior
dyad-022	run-04	177.727273	20.000	8.948	5	coloring	egalitarian	hard	wave	x-axis position and contact force	y-axis position and contact force	SNIRF trial-start marker; fixed 20-s task duration; completion time from behavior
dyad-022	run-04	216.363636	20.000	9.035	6	coloring	egalitarian	hard	wave	x-axis position and contact force	y-axis position and contact force	SNIRF trial-start marker; fixed 20-s task duration; completion time from behavior
dyad-022	run-04	255.000000	20.000	13.360	7	coloring	egalitarian	hard	wave	x-axis position and contact force	y-axis position and contact force	SNIRF trial-start marker; fixed 20-s task duration; completion time from behavior
dyad-022	run-04	293.909091	20.000	8.371	8	coloring	egalitarian	hard	wave	x-axis position and contact force	y-axis position and contact force	SNIRF trial-start marker; fixed 20-s task duration; completion time from behavior
dyad-022	run-04	332.545455	20.000	11.625	9	coloring	egalitarian	hard	wave	x-axis position and contact force	y-axis position and contact force	SNIRF trial-start marker; fixed 20-s task duration; completion time from behavior
dyad-022	run-04	371.272727	20.000	9.013	10	coloring	egalitarian	hard	wave	x-axis position and contact force	y-axis position and contact force	SNIRF trial-start marker; fixed 20-s task duration; completion time from behavior
dyad-022	run-04	409.909091	20.000	12.231	11	coloring	egalitarian	hard	wave	x-axis position and contact force	y-axis position and contact force	SNIRF trial-start marker; fixed 20-s task duration; completion time from behavior
dyad-022	run-04	448.636364	20.000	9.856	12	coloring	egalitarian	hard	wave	x-axis position and contact force	y-axis position and contact force	SNIRF trial-start marker; fixed 20-s task duration; completion time from behavior
dyad-022	run-04	487.363636	20.000	9.700	13	coloring	egalitarian	hard	wave	x-axis position and contact force	y-axis position and contact force	SNIRF trial-start marker; fixed 20-s task duration; completion time from behavior
dyad-022	run-04	526.181818	20.000	8.527	14	coloring	egalitarian	hard	wave	x-axis position and contact force	y-axis position and contact force	SNIRF trial-start marker; fixed 20-s task duration; completion time from behavior
dyad-022	run-04	564.727273	20.000	9.328	15	coloring	egalitarian	hard	wave	x-axis position and contact force	y-axis position and contact force	SNIRF trial-start marker; fixed 20-s task duration; completion time from behavior
dyad-023	run-01	29.000000	20.000	9.640	1	coloring	leader-follower	easy	carrot	pattern-board pen position	applying-board contact force	SNIRF trial-start marker; fixed 20-s task duration; completion time from behavior
dyad-023	run-01	67.636364	20.000	12.161	2	coloring	leader-follower	easy	carrot	pattern-board pen position	applying-board contact force	SNIRF trial-start marker; fixed 20-s task duration; completion time from behavior
dyad-023	run-01	106.363636	20.000	10.440	3	coloring	leader-follower	easy	carrot	pattern-board pen position	applying-board contact force	SNIRF trial-start marker; fixed 20-s task duration; completion time from behavior
dyad-023	run-01	145.090909	20.000	11.259	4	coloring	leader-follower	easy	carrot	pattern-board pen position	applying-board contact force	SNIRF trial-start marker; fixed 20-s task duration; completion time from behavior
dyad-023	run-01	183.818182	20.000	10.226	5	coloring	leader-follower	easy	carrot	pattern-board pen position	applying-board contact force	SNIRF trial-start marker; fixed 20-s task duration; completion time from behavior
dyad-023	run-01	222.454545	20.000	10.277	6	coloring	leader-follower	easy	carrot	pattern-board pen position	applying-board contact force	SNIRF trial-start marker; fixed 20-s task duration; completion time from behavior
dyad-023	run-01	261.090909	20.000	10.437	7	coloring	leader-follower	easy	carrot	pattern-board pen position	applying-board contact force	SNIRF trial-start marker; fixed 20-s task duration; completion time from behavior
dyad-023	run-01	299.818182	20.000	11.501	8	coloring	leader-follower	easy	carrot	pattern-board pen position	applying-board contact force	SNIRF trial-start marker; fixed 20-s task duration; completion time from behavior
dyad-023	run-01	338.545455	20.000	10.155	9	coloring	leader-follower	easy	carrot	pattern-board pen position	applying-board contact force	SNIRF trial-start marker; fixed 20-s task duration; completion time from behavior
dyad-023	run-01	377.181818	20.000	11.811	10	coloring	leader-follower	easy	carrot	pattern-board pen position	applying-board contact force	SNIRF trial-start marker; fixed 20-s task duration; completion time from behavior
dyad-023	run-01	416.000000	20.000	10.887	11	coloring	leader-follower	easy	carrot	pattern-board pen position	applying-board contact force	SNIRF trial-start marker; fixed 20-s task duration; completion time from behavior
dyad-023	run-01	454.636364	20.000	12.309	12	coloring	leader-follower	easy	carrot	pattern-board pen position	applying-board contact force	SNIRF trial-start marker; fixed 20-s task duration; completion time from behavior
dyad-023	run-01	493.454545	20.000	12.622	13	coloring	leader-follower	easy	carrot	pattern-board pen position	applying-board contact force	SNIRF trial-start marker; fixed 20-s task duration; completion time from behavior
dyad-023	run-01	532.272727	20.000	10.946	14	coloring	leader-follower	easy	carrot	pattern-board pen position	applying-board contact force	SNIRF trial-start marker; fixed 20-s task duration; completion time from behavior
dyad-023	run-01	571.000000	20.000	12.659	15	coloring	leader-follower	easy	carrot	pattern-board pen position	applying-board contact force	SNIRF trial-start marker; fixed 20-s task duration; completion time from behavior
dyad-023	run-02	63.090909	20.000	13.146	1	coloring	leader-follower	hard	wave	pattern-board pen position	applying-board contact force	SNIRF trial-start marker; fixed 20-s task duration; completion time from behavior
dyad-023	run-02	101.909091	20.000	14.342	2	coloring	leader-follower	hard	wave	pattern-board pen position	applying-board contact force	SNIRF trial-start marker; fixed 20-s task duration; completion time from behavior
dyad-023	run-02	140.636364	20.000	14.035	3	coloring	leader-follower	hard	wave	pattern-board pen position	applying-board contact force	SNIRF trial-start marker; fixed 20-s task duration; completion time from behavior
dyad-023	run-02	179.454545	20.000	14.085	4	coloring	leader-follower	hard	wave	pattern-board pen position	applying-board contact force	SNIRF trial-start marker; fixed 20-s task duration; completion time from behavior
dyad-023	run-02	218.181818	20.000	13.132	5	coloring	leader-follower	hard	wave	pattern-board pen position	applying-board contact force	SNIRF trial-start marker; fixed 20-s task duration; completion time from behavior
dyad-023	run-02	256.909091	20.000	11.961	6	coloring	leader-follower	hard	wave	pattern-board pen position	applying-board contact force	SNIRF trial-start marker; fixed 20-s task duration; completion time from behavior
dyad-023	run-02	295.545455	20.000	13.357	7	coloring	leader-follower	hard	wave	pattern-board pen position	applying-board contact force	SNIRF trial-start marker; fixed 20-s task duration; completion time from behavior
dyad-023	run-02	334.272727	20.000	16.967	8	coloring	leader-follower	hard	wave	pattern-board pen position	applying-board contact force	SNIRF trial-start marker; fixed 20-s task duration; completion time from behavior
dyad-023	run-02	373.272727	20.000	14.155	9	coloring	leader-follower	hard	wave	pattern-board pen position	applying-board contact force	SNIRF trial-start marker; fixed 20-s task duration; completion time from behavior
dyad-023	run-02	412.000000	20.000	15.221	10	coloring	leader-follower	hard	wave	pattern-board pen position	applying-board contact force	SNIRF trial-start marker; fixed 20-s task duration; completion time from behavior
dyad-023	run-02	450.818182	20.000	12.607	11	coloring	leader-follower	hard	wave	pattern-board pen position	applying-board contact force	SNIRF trial-start marker; fixed 20-s task duration; completion time from behavior
dyad-023	run-02	489.545455	20.000	12.836	12	coloring	leader-follower	hard	wave	pattern-board pen position	applying-board contact force	SNIRF trial-start marker; fixed 20-s task duration; completion time from behavior
dyad-023	run-02	528.272727	20.000	12.279	13	coloring	leader-follower	hard	wave	pattern-board pen position	applying-board contact force	SNIRF trial-start marker; fixed 20-s task duration; completion time from behavior
dyad-023	run-02	567.000000	20.000	11.026	14	coloring	leader-follower	hard	wave	pattern-board pen position	applying-board contact force	SNIRF trial-start marker; fixed 20-s task duration; completion time from behavior
dyad-023	run-02	605.636364	20.000	12.848	15	coloring	leader-follower	hard	wave	pattern-board pen position	applying-board contact force	SNIRF trial-start marker; fixed 20-s task duration; completion time from behavior
dyad-023	run-03	127.363636	20.000	14.719	1	coloring	egalitarian	easy	carrot	x-axis position and contact force	y-axis position and contact force	SNIRF trial-start marker; fixed 20-s task duration; completion time from behavior
dyad-023	run-03	166.272727	20.000	12.463	2	coloring	egalitarian	easy	carrot	x-axis position and contact force	y-axis position and contact force	SNIRF trial-start marker; fixed 20-s task duration; completion time from behavior
dyad-023	run-03	205.090909	20.000	15.259	3	coloring	egalitarian	easy	carrot	x-axis position and contact force	y-axis position and contact force	SNIRF trial-start marker; fixed 20-s task duration; completion time from behavior
dyad-023	run-03	243.909091	20.000	15.259	4	coloring	egalitarian	easy	carrot	x-axis position and contact force	y-axis position and contact force	SNIRF trial-start marker; fixed 20-s task duration; completion time from behavior
dyad-023	run-03	282.636364	20.000	16.839	5	coloring	egalitarian	easy	carrot	x-axis position and contact force	y-axis position and contact force	SNIRF trial-start marker; fixed 20-s task duration; completion time from behavior
dyad-023	run-03	321.636364	20.000	14.229	6	coloring	egalitarian	easy	carrot	x-axis position and contact force	y-axis position and contact force	SNIRF trial-start marker; fixed 20-s task duration; completion time from behavior
dyad-023	run-03	360.545455	20.000	14.850	7	coloring	egalitarian	easy	carrot	x-axis position and contact force	y-axis position and contact force	SNIRF trial-start marker; fixed 20-s task duration; completion time from behavior
dyad-023	run-03	399.454545	20.000	14.850	8	coloring	egalitarian	easy	carrot	x-axis position and contact force	y-axis position and contact force	SNIRF trial-start marker; fixed 20-s task duration; completion time from behavior
dyad-023	run-03	438.363636	20.000	16.246	9	coloring	egalitarian	easy	carrot	x-axis position and contact force	y-axis position and contact force	SNIRF trial-start marker; fixed 20-s task duration; completion time from behavior
dyad-023	run-03	477.363636	20.000	14.910	10	coloring	egalitarian	easy	carrot	x-axis position and contact force	y-axis position and contact force	SNIRF trial-start marker; fixed 20-s task duration; completion time from behavior
dyad-023	run-03	516.909091	20.000	16.221	11	coloring	egalitarian	easy	carrot	x-axis position and contact force	y-axis position and contact force	SNIRF trial-start marker; fixed 20-s task duration; completion time from behavior
dyad-023	run-03	556.090909	20.000	14.448	12	coloring	egalitarian	easy	carrot	x-axis position and contact force	y-axis position and contact force	SNIRF trial-start marker; fixed 20-s task duration; completion time from behavior
dyad-023	run-03	594.909091	20.000	15.550	13	coloring	egalitarian	easy	carrot	x-axis position and contact force	y-axis position and contact force	SNIRF trial-start marker; fixed 20-s task duration; completion time from behavior
dyad-023	run-03	633.818182	20.000	16.201	14	coloring	egalitarian	easy	carrot	x-axis position and contact force	y-axis position and contact force	SNIRF trial-start marker; fixed 20-s task duration; completion time from behavior
dyad-023	run-03	672.818182	20.000	13.664	15	coloring	egalitarian	easy	carrot	x-axis position and contact force	y-axis position and contact force	SNIRF trial-start marker; fixed 20-s task duration; completion time from behavior
dyad-023	run-04	47.363636	20.000	10.839	1	coloring	egalitarian	hard	wave	x-axis position and contact force	y-axis position and contact force	SNIRF trial-start marker; fixed 20-s task duration; completion time from behavior
dyad-023	run-04	86.181818	20.000	14.222	2	coloring	egalitarian	hard	wave	x-axis position and contact force	y-axis position and contact force	SNIRF trial-start marker; fixed 20-s task duration; completion time from behavior
dyad-023	run-04	125.090909	20.000	14.222	3	coloring	egalitarian	hard	wave	x-axis position and contact force	y-axis position and contact force	SNIRF trial-start marker; fixed 20-s task duration; completion time from behavior
dyad-023	run-04	163.818182	20.000	16.068	4	coloring	egalitarian	hard	wave	x-axis position and contact force	y-axis position and contact force	SNIRF trial-start marker; fixed 20-s task duration; completion time from behavior
dyad-023	run-04	202.818182	20.000	14.162	5	coloring	egalitarian	hard	wave	x-axis position and contact force	y-axis position and contact force	SNIRF trial-start marker; fixed 20-s task duration; completion time from behavior
dyad-023	run-04	241.727273	20.000	14.742	6	coloring	egalitarian	hard	wave	x-axis position and contact force	y-axis position and contact force	SNIRF trial-start marker; fixed 20-s task duration; completion time from behavior
dyad-023	run-04	280.909091	20.000	14.415	7	coloring	egalitarian	hard	wave	x-axis position and contact force	y-axis position and contact force	SNIRF trial-start marker; fixed 20-s task duration; completion time from behavior
dyad-023	run-04	319.909091	20.000	12.827	8	coloring	egalitarian	hard	wave	x-axis position and contact force	y-axis position and contact force	SNIRF trial-start marker; fixed 20-s task duration; completion time from behavior
dyad-023	run-04	358.909091	20.000	12.709	9	coloring	egalitarian	hard	wave	x-axis position and contact force	y-axis position and contact force	SNIRF trial-start marker; fixed 20-s task duration; completion time from behavior
dyad-023	run-04	398.000000	20.000	12.709	10	coloring	egalitarian	hard	wave	x-axis position and contact force	y-axis position and contact force	SNIRF trial-start marker; fixed 20-s task duration; completion time from behavior
dyad-023	run-04	437.090909	20.000	13.751	11	coloring	egalitarian	hard	wave	x-axis position and contact force	y-axis position and contact force	SNIRF trial-start marker; fixed 20-s task duration; completion time from behavior
dyad-023	run-04	476.272727	20.000	13.935	12	coloring	egalitarian	hard	wave	x-axis position and contact force	y-axis position and contact force	SNIRF trial-start marker; fixed 20-s task duration; completion time from behavior
dyad-023	run-04	515.272727	20.000	11.700	13	coloring	egalitarian	hard	wave	x-axis position and contact force	y-axis position and contact force	SNIRF trial-start marker; fixed 20-s task duration; completion time from behavior
dyad-023	run-04	554.090909	20.000	11.015	14	coloring	egalitarian	hard	wave	x-axis position and contact force	y-axis position and contact force	SNIRF trial-start marker; fixed 20-s task duration; completion time from behavior
dyad-023	run-04	592.818182	20.000	12.571	15	coloring	egalitarian	hard	wave	x-axis position and contact force	y-axis position and contact force	SNIRF trial-start marker; fixed 20-s task duration; completion time from behavior
dyad-024	run-01	65.727273	20.000	10.223	1	coloring	leader-follower	easy	carrot	pattern-board pen position	applying-board contact force	SNIRF trial-start marker; fixed 20-s task duration; completion time from behavior
dyad-024	run-01	104.363636	20.000	11.790	2	coloring	leader-follower	easy	carrot	pattern-board pen position	applying-board contact force	SNIRF trial-start marker; fixed 20-s task duration; completion time from behavior
dyad-024	run-01	143.090909	20.000	13.555	3	coloring	leader-follower	easy	carrot	pattern-board pen position	applying-board contact force	SNIRF trial-start marker; fixed 20-s task duration; completion time from behavior
dyad-024	run-01	181.909091	20.000	11.051	4	coloring	leader-follower	easy	carrot	pattern-board pen position	applying-board contact force	SNIRF trial-start marker; fixed 20-s task duration; completion time from behavior
dyad-024	run-01	220.636364	20.000	12.866	5	coloring	leader-follower	easy	carrot	pattern-board pen position	applying-board contact force	SNIRF trial-start marker; fixed 20-s task duration; completion time from behavior
dyad-024	run-01	259.454545	20.000	13.803	6	coloring	leader-follower	easy	carrot	pattern-board pen position	applying-board contact force	SNIRF trial-start marker; fixed 20-s task duration; completion time from behavior
dyad-024	run-01	298.272727	20.000	13.962	7	coloring	leader-follower	easy	carrot	pattern-board pen position	applying-board contact force	SNIRF trial-start marker; fixed 20-s task duration; completion time from behavior
dyad-024	run-01	337.181818	20.000	15.463	8	coloring	leader-follower	easy	carrot	pattern-board pen position	applying-board contact force	SNIRF trial-start marker; fixed 20-s task duration; completion time from behavior
dyad-024	run-01	376.181818	20.000	14.592	9	coloring	leader-follower	easy	carrot	pattern-board pen position	applying-board contact force	SNIRF trial-start marker; fixed 20-s task duration; completion time from behavior
dyad-024	run-01	415.090909	20.000	12.243	10	coloring	leader-follower	easy	carrot	pattern-board pen position	applying-board contact force	SNIRF trial-start marker; fixed 20-s task duration; completion time from behavior
dyad-024	run-01	453.909091	20.000	13.708	11	coloring	leader-follower	easy	carrot	pattern-board pen position	applying-board contact force	SNIRF trial-start marker; fixed 20-s task duration; completion time from behavior
dyad-024	run-01	492.727273	20.000	11.916	12	coloring	leader-follower	easy	carrot	pattern-board pen position	applying-board contact force	SNIRF trial-start marker; fixed 20-s task duration; completion time from behavior
dyad-024	run-01	531.545455	20.000	11.039	13	coloring	leader-follower	easy	carrot	pattern-board pen position	applying-board contact force	SNIRF trial-start marker; fixed 20-s task duration; completion time from behavior
dyad-024	run-01	570.181818	20.000	10.496	14	coloring	leader-follower	easy	carrot	pattern-board pen position	applying-board contact force	SNIRF trial-start marker; fixed 20-s task duration; completion time from behavior
dyad-024	run-01	608.909091	20.000	11.311	15	coloring	leader-follower	easy	carrot	pattern-board pen position	applying-board contact force	SNIRF trial-start marker; fixed 20-s task duration; completion time from behavior
dyad-024	run-02	49.272727	20.000	18.530	1	coloring	leader-follower	hard	wave	pattern-board pen position	applying-board contact force	SNIRF trial-start marker; fixed 20-s task duration; completion time from behavior
dyad-024	run-02	89.090909	20.000	18.530	2	coloring	leader-follower	hard	wave	pattern-board pen position	applying-board contact force	SNIRF trial-start marker; fixed 20-s task duration; completion time from behavior
dyad-024	run-02	128.272727	20.000	18.530	3	coloring	leader-follower	hard	wave	pattern-board pen position	applying-board contact force	SNIRF trial-start marker; fixed 20-s task duration; completion time from behavior
dyad-024	run-02	167.818182	20.000	11.516	4	coloring	leader-follower	hard	wave	pattern-board pen position	applying-board contact force	SNIRF trial-start marker; fixed 20-s task duration; completion time from behavior
dyad-024	run-02	206.454545	20.000	13.799	5	coloring	leader-follower	hard	wave	pattern-board pen position	applying-board contact force	SNIRF trial-start marker; fixed 20-s task duration; completion time from behavior
dyad-024	run-02	245.181818	20.000	12.714	6	coloring	leader-follower	hard	wave	pattern-board pen position	applying-board contact force	SNIRF trial-start marker; fixed 20-s task duration; completion time from behavior
dyad-024	run-02	283.909091	20.000	12.536	7	coloring	leader-follower	hard	wave	pattern-board pen position	applying-board contact force	SNIRF trial-start marker; fixed 20-s task duration; completion time from behavior
dyad-024	run-02	322.545455	20.000	13.387	8	coloring	leader-follower	hard	wave	pattern-board pen position	applying-board contact force	SNIRF trial-start marker; fixed 20-s task duration; completion time from behavior
dyad-024	run-02	361.272727	20.000	13.349	9	coloring	leader-follower	hard	wave	pattern-board pen position	applying-board contact force	SNIRF trial-start marker; fixed 20-s task duration; completion time from behavior
dyad-024	run-02	400.000000	20.000	13.208	10	coloring	leader-follower	hard	wave	pattern-board pen position	applying-board contact force	SNIRF trial-start marker; fixed 20-s task duration; completion time from behavior
dyad-024	run-02	438.727273	20.000	15.156	11	coloring	leader-follower	hard	wave	pattern-board pen position	applying-board contact force	SNIRF trial-start marker; fixed 20-s task duration; completion time from behavior
dyad-024	run-02	477.545455	20.000	12.107	12	coloring	leader-follower	hard	wave	pattern-board pen position	applying-board contact force	SNIRF trial-start marker; fixed 20-s task duration; completion time from behavior
dyad-024	run-02	516.181818	20.000	12.107	13	coloring	leader-follower	hard	wave	pattern-board pen position	applying-board contact force	SNIRF trial-start marker; fixed 20-s task duration; completion time from behavior
dyad-024	run-02	554.909091	20.000	12.078	14	coloring	leader-follower	hard	wave	pattern-board pen position	applying-board contact force	SNIRF trial-start marker; fixed 20-s task duration; completion time from behavior
dyad-024	run-02	593.545455	20.000	15.194	15	coloring	leader-follower	hard	wave	pattern-board pen position	applying-board contact force	SNIRF trial-start marker; fixed 20-s task duration; completion time from behavior
dyad-024	run-03	119.454545	20.000	11.193	1	coloring	egalitarian	easy	carrot	x-axis position and contact force	y-axis position and contact force	SNIRF trial-start marker; fixed 20-s task duration; completion time from behavior
dyad-024	run-03	158.090909	20.000	10.204	2	coloring	egalitarian	easy	carrot	x-axis position and contact force	y-axis position and contact force	SNIRF trial-start marker; fixed 20-s task duration; completion time from behavior
dyad-024	run-03	196.818182	20.000	10.743	3	coloring	egalitarian	easy	carrot	x-axis position and contact force	y-axis position and contact force	SNIRF trial-start marker; fixed 20-s task duration; completion time from behavior
dyad-024	run-03	235.454545	20.000	12.007	4	coloring	egalitarian	easy	carrot	x-axis position and contact force	y-axis position and contact force	SNIRF trial-start marker; fixed 20-s task duration; completion time from behavior
dyad-024	run-03	274.181818	20.000	10.970	5	coloring	egalitarian	easy	carrot	x-axis position and contact force	y-axis position and contact force	SNIRF trial-start marker; fixed 20-s task duration; completion time from behavior
dyad-024	run-03	312.909091	20.000	11.647	6	coloring	egalitarian	easy	carrot	x-axis position and contact force	y-axis position and contact force	SNIRF trial-start marker; fixed 20-s task duration; completion time from behavior
dyad-024	run-03	351.636364	20.000	14.152	7	coloring	egalitarian	easy	carrot	x-axis position and contact force	y-axis position and contact force	SNIRF trial-start marker; fixed 20-s task duration; completion time from behavior
dyad-024	run-03	390.545455	20.000	13.700	8	coloring	egalitarian	easy	carrot	x-axis position and contact force	y-axis position and contact force	SNIRF trial-start marker; fixed 20-s task duration; completion time from behavior
dyad-024	run-03	429.454545	20.000	14.573	9	coloring	egalitarian	easy	carrot	x-axis position and contact force	y-axis position and contact force	SNIRF trial-start marker; fixed 20-s task duration; completion time from behavior
dyad-024	run-03	468.363636	20.000	14.573	10	coloring	egalitarian	easy	carrot	x-axis position and contact force	y-axis position and contact force	SNIRF trial-start marker; fixed 20-s task duration; completion time from behavior
dyad-024	run-03	507.181818	20.000	14.400	11	coloring	egalitarian	easy	carrot	x-axis position and contact force	y-axis position and contact force	SNIRF trial-start marker; fixed 20-s task duration; completion time from behavior
dyad-024	run-03	546.181818	20.000	9.329	12	coloring	egalitarian	easy	carrot	x-axis position and contact force	y-axis position and contact force	SNIRF trial-start marker; fixed 20-s task duration; completion time from behavior
dyad-024	run-03	584.818182	20.000	12.045	13	coloring	egalitarian	easy	carrot	x-axis position and contact force	y-axis position and contact force	SNIRF trial-start marker; fixed 20-s task duration; completion time from behavior
dyad-024	run-03	623.545455	20.000	13.399	14	coloring	egalitarian	easy	carrot	x-axis position and contact force	y-axis position and contact force	SNIRF trial-start marker; fixed 20-s task duration; completion time from behavior
dyad-024	run-03	662.363636	20.000	12.767	15	coloring	egalitarian	easy	carrot	x-axis position and contact force	y-axis position and contact force	SNIRF trial-start marker; fixed 20-s task duration; completion time from behavior
dyad-024	run-04	41.454545	20.000	13.810	1	coloring	egalitarian	hard	wave	x-axis position and contact force	y-axis position and contact force	SNIRF trial-start marker; fixed 20-s task duration; completion time from behavior
dyad-024	run-04	80.363636	20.000	11.119	2	coloring	egalitarian	hard	wave	x-axis position and contact force	y-axis position and contact force	SNIRF trial-start marker; fixed 20-s task duration; completion time from behavior
dyad-024	run-04	119.090909	20.000	14.626	3	coloring	egalitarian	hard	wave	x-axis position and contact force	y-axis position and contact force	SNIRF trial-start marker; fixed 20-s task duration; completion time from behavior
dyad-024	run-04	158.090909	20.000	13.862	4	coloring	egalitarian	hard	wave	x-axis position and contact force	y-axis position and contact force	SNIRF trial-start marker; fixed 20-s task duration; completion time from behavior
dyad-024	run-04	197.000000	20.000	13.758	5	coloring	egalitarian	hard	wave	x-axis position and contact force	y-axis position and contact force	SNIRF trial-start marker; fixed 20-s task duration; completion time from behavior
dyad-024	run-04	235.909091	20.000	12.430	6	coloring	egalitarian	hard	wave	x-axis position and contact force	y-axis position and contact force	SNIRF trial-start marker; fixed 20-s task duration; completion time from behavior
dyad-024	run-04	274.727273	20.000	13.907	7	coloring	egalitarian	hard	wave	x-axis position and contact force	y-axis position and contact force	SNIRF trial-start marker; fixed 20-s task duration; completion time from behavior
dyad-024	run-04	313.727273	20.000	11.317	8	coloring	egalitarian	hard	wave	x-axis position and contact force	y-axis position and contact force	SNIRF trial-start marker; fixed 20-s task duration; completion time from behavior
dyad-024	run-04	352.545455	20.000	11.322	9	coloring	egalitarian	hard	wave	x-axis position and contact force	y-axis position and contact force	SNIRF trial-start marker; fixed 20-s task duration; completion time from behavior
dyad-024	run-04	391.272727	20.000	13.537	10	coloring	egalitarian	hard	wave	x-axis position and contact force	y-axis position and contact force	SNIRF trial-start marker; fixed 20-s task duration; completion time from behavior
dyad-024	run-04	430.181818	20.000	13.891	11	coloring	egalitarian	hard	wave	x-axis position and contact force	y-axis position and contact force	SNIRF trial-start marker; fixed 20-s task duration; completion time from behavior
dyad-024	run-04	469.181818	20.000	9.375	12	coloring	egalitarian	hard	wave	x-axis position and contact force	y-axis position and contact force	SNIRF trial-start marker; fixed 20-s task duration; completion time from behavior
dyad-024	run-04	507.818182	20.000	12.004	13	coloring	egalitarian	hard	wave	x-axis position and contact force	y-axis position and contact force	SNIRF trial-start marker; fixed 20-s task duration; completion time from behavior
dyad-024	run-04	546.636364	20.000	11.078	14	coloring	egalitarian	hard	wave	x-axis position and contact force	y-axis position and contact force	SNIRF trial-start marker; fixed 20-s task duration; completion time from behavior
dyad-024	run-04	585.363636	20.000	12.753	15	coloring	egalitarian	hard	wave	x-axis position and contact force	y-axis position and contact force	SNIRF trial-start marker; fixed 20-s task duration; completion time from behavior
dyad-025	run-01	72.909091	20.000	9.142	1	coloring	leader-follower	easy	carrot	pattern-board pen position	applying-board contact force	SNIRF trial-start marker; fixed 20-s task duration; completion time from behavior
dyad-025	run-01	111.636364	20.000	6.881	2	coloring	leader-follower	easy	carrot	pattern-board pen position	applying-board contact force	SNIRF trial-start marker; fixed 20-s task duration; completion time from behavior
dyad-025	run-01	150.181818	20.000	7.331	3	coloring	leader-follower	easy	carrot	pattern-board pen position	applying-board contact force	SNIRF trial-start marker; fixed 20-s task duration; completion time from behavior
dyad-025	run-01	188.727273	20.000	9.185	4	coloring	leader-follower	easy	carrot	pattern-board pen position	applying-board contact force	SNIRF trial-start marker; fixed 20-s task duration; completion time from behavior
dyad-025	run-01	227.545455	20.000	10.560	5	coloring	leader-follower	easy	carrot	pattern-board pen position	applying-board contact force	SNIRF trial-start marker; fixed 20-s task duration; completion time from behavior
dyad-025	run-01	266.363636	20.000	7.393	6	coloring	leader-follower	easy	carrot	pattern-board pen position	applying-board contact force	SNIRF trial-start marker; fixed 20-s task duration; completion time from behavior
dyad-025	run-01	305.000000	20.000	7.393	7	coloring	leader-follower	easy	carrot	pattern-board pen position	applying-board contact force	SNIRF trial-start marker; fixed 20-s task duration; completion time from behavior
dyad-025	run-01	343.727273	20.000	7.393	8	coloring	leader-follower	easy	carrot	pattern-board pen position	applying-board contact force	SNIRF trial-start marker; fixed 20-s task duration; completion time from behavior
dyad-025	run-01	382.545455	20.000	8.271	9	coloring	leader-follower	easy	carrot	pattern-board pen position	applying-board contact force	SNIRF trial-start marker; fixed 20-s task duration; completion time from behavior
dyad-025	run-01	421.272727	20.000	9.597	10	coloring	leader-follower	easy	carrot	pattern-board pen position	applying-board contact force	SNIRF trial-start marker; fixed 20-s task duration; completion time from behavior
dyad-025	run-01	460.000000	20.000	7.462	11	coloring	leader-follower	easy	carrot	pattern-board pen position	applying-board contact force	SNIRF trial-start marker; fixed 20-s task duration; completion time from behavior
dyad-025	run-01	498.545455	20.000	8.931	12	coloring	leader-follower	easy	carrot	pattern-board pen position	applying-board contact force	SNIRF trial-start marker; fixed 20-s task duration; completion time from behavior
dyad-025	run-01	537.181818	20.000	12.534	13	coloring	leader-follower	easy	carrot	pattern-board pen position	applying-board contact force	SNIRF trial-start marker; fixed 20-s task duration; completion time from behavior
dyad-025	run-01	576.090909	20.000	13.200	14	coloring	leader-follower	easy	carrot	pattern-board pen position	applying-board contact force	SNIRF trial-start marker; fixed 20-s task duration; completion time from behavior
dyad-025	run-01	615.000000	20.000	9.668	15	coloring	leader-follower	easy	carrot	pattern-board pen position	applying-board contact force	SNIRF trial-start marker; fixed 20-s task duration; completion time from behavior
dyad-025	run-02	40.909091	20.000	10.196	1	coloring	leader-follower	hard	wave	pattern-board pen position	applying-board contact force	SNIRF trial-start marker; fixed 20-s task duration; completion time from behavior
dyad-025	run-02	79.545455	20.000	11.671	2	coloring	leader-follower	hard	wave	pattern-board pen position	applying-board contact force	SNIRF trial-start marker; fixed 20-s task duration; completion time from behavior
dyad-025	run-02	118.272727	20.000	13.688	3	coloring	leader-follower	hard	wave	pattern-board pen position	applying-board contact force	SNIRF trial-start marker; fixed 20-s task duration; completion time from behavior
dyad-025	run-02	157.181818	20.000	13.688	4	coloring	leader-follower	hard	wave	pattern-board pen position	applying-board contact force	SNIRF trial-start marker; fixed 20-s task duration; completion time from behavior
dyad-025	run-02	196.090909	20.000	12.835	5	coloring	leader-follower	hard	wave	pattern-board pen position	applying-board contact force	SNIRF trial-start marker; fixed 20-s task duration; completion time from behavior
dyad-025	run-02	234.909091	20.000	14.209	6	coloring	leader-follower	hard	wave	pattern-board pen position	applying-board contact force	SNIRF trial-start marker; fixed 20-s task duration; completion time from behavior
dyad-025	run-02	273.818182	20.000	13.762	7	coloring	leader-follower	hard	wave	pattern-board pen position	applying-board contact force	SNIRF trial-start marker; fixed 20-s task duration; completion time from behavior
dyad-025	run-02	312.727273	20.000	13.355	8	coloring	leader-follower	hard	wave	pattern-board pen position	applying-board contact force	SNIRF trial-start marker; fixed 20-s task duration; completion time from behavior
dyad-025	run-02	351.545455	20.000	12.190	9	coloring	leader-follower	hard	wave	pattern-board pen position	applying-board contact force	SNIRF trial-start marker; fixed 20-s task duration; completion time from behavior
dyad-025	run-02	390.454545	20.000	13.234	10	coloring	leader-follower	hard	wave	pattern-board pen position	applying-board contact force	SNIRF trial-start marker; fixed 20-s task duration; completion time from behavior
dyad-025	run-02	429.272727	20.000	14.086	11	coloring	leader-follower	hard	wave	pattern-board pen position	applying-board contact force	SNIRF trial-start marker; fixed 20-s task duration; completion time from behavior
dyad-025	run-02	468.181818	20.000	12.707	12	coloring	leader-follower	hard	wave	pattern-board pen position	applying-board contact force	SNIRF trial-start marker; fixed 20-s task duration; completion time from behavior
dyad-025	run-02	507.000000	20.000	10.502	13	coloring	leader-follower	hard	wave	pattern-board pen position	applying-board contact force	SNIRF trial-start marker; fixed 20-s task duration; completion time from behavior
dyad-025	run-02	545.636364	20.000	9.899	14	coloring	leader-follower	hard	wave	pattern-board pen position	applying-board contact force	SNIRF trial-start marker; fixed 20-s task duration; completion time from behavior
dyad-025	run-02	584.363636	20.000	11.557	15	coloring	leader-follower	hard	wave	pattern-board pen position	applying-board contact force	SNIRF trial-start marker; fixed 20-s task duration; completion time from behavior
dyad-025	run-03	50.909091	20.000	8.028	1	coloring	egalitarian	easy	carrot	x-axis position and contact force	y-axis position and contact force	SNIRF trial-start marker; fixed 20-s task duration; completion time from behavior
dyad-025	run-03	89.454545	20.000	8.364	2	coloring	egalitarian	easy	carrot	x-axis position and contact force	y-axis position and contact force	SNIRF trial-start marker; fixed 20-s task duration; completion time from behavior
dyad-025	run-03	128.000000	20.000	9.412	3	coloring	egalitarian	easy	carrot	x-axis position and contact force	y-axis position and contact force	SNIRF trial-start marker; fixed 20-s task duration; completion time from behavior
dyad-025	run-03	166.636364	20.000	7.473	4	coloring	egalitarian	easy	carrot	x-axis position and contact force	y-axis position and contact force	SNIRF trial-start marker; fixed 20-s task duration; completion time from behavior
dyad-025	run-03	205.181818	20.000	5.557	5	coloring	egalitarian	easy	carrot	x-axis position and contact force	y-axis position and contact force	SNIRF trial-start marker; fixed 20-s task duration; completion time from behavior
dyad-025	run-03	243.636364	20.000	5.557	6	coloring	egalitarian	easy	carrot	x-axis position and contact force	y-axis position and contact force	SNIRF trial-start marker; fixed 20-s task duration; completion time from behavior
dyad-025	run-03	282.181818	20.000	9.043	7	coloring	egalitarian	easy	carrot	x-axis position and contact force	y-axis position and contact force	SNIRF trial-start marker; fixed 20-s task duration; completion time from behavior
dyad-025	run-03	320.818182	20.000	9.406	8	coloring	egalitarian	easy	carrot	x-axis position and contact force	y-axis position and contact force	SNIRF trial-start marker; fixed 20-s task duration; completion time from behavior
dyad-025	run-03	359.454545	20.000	11.313	9	coloring	egalitarian	easy	carrot	x-axis position and contact force	y-axis position and contact force	SNIRF trial-start marker; fixed 20-s task duration; completion time from behavior
dyad-025	run-03	398.272727	20.000	10.621	10	coloring	egalitarian	easy	carrot	x-axis position and contact force	y-axis position and contact force	SNIRF trial-start marker; fixed 20-s task duration; completion time from behavior
dyad-025	run-03	436.909091	20.000	7.948	11	coloring	egalitarian	easy	carrot	x-axis position and contact force	y-axis position and contact force	SNIRF trial-start marker; fixed 20-s task duration; completion time from behavior
dyad-025	run-03	475.454545	20.000	7.217	12	coloring	egalitarian	easy	carrot	x-axis position and contact force	y-axis position and contact force	SNIRF trial-start marker; fixed 20-s task duration; completion time from behavior
dyad-025	run-03	514.000000	20.000	7.217	13	coloring	egalitarian	easy	carrot	x-axis position and contact force	y-axis position and contact force	SNIRF trial-start marker; fixed 20-s task duration; completion time from behavior
dyad-025	run-03	552.636364	20.000	7.217	14	coloring	egalitarian	easy	carrot	x-axis position and contact force	y-axis position and contact force	SNIRF trial-start marker; fixed 20-s task duration; completion time from behavior
dyad-025	run-03	591.272727	20.000	10.107	15	coloring	egalitarian	easy	carrot	x-axis position and contact force	y-axis position and contact force	SNIRF trial-start marker; fixed 20-s task duration; completion time from behavior
dyad-025	run-04	94.090909	20.000	10.481	1	coloring	egalitarian	hard	wave	x-axis position and contact force	y-axis position and contact force	SNIRF trial-start marker; fixed 20-s task duration; completion time from behavior
dyad-025	run-04	132.818182	20.000	10.481	2	coloring	egalitarian	hard	wave	x-axis position and contact force	y-axis position and contact force	SNIRF trial-start marker; fixed 20-s task duration; completion time from behavior
dyad-025	run-04	171.545455	20.000	13.300	3	coloring	egalitarian	hard	wave	x-axis position and contact force	y-axis position and contact force	SNIRF trial-start marker; fixed 20-s task duration; completion time from behavior
dyad-025	run-04	210.363636	20.000	12.823	4	coloring	egalitarian	hard	wave	x-axis position and contact force	y-axis position and contact force	SNIRF trial-start marker; fixed 20-s task duration; completion time from behavior
dyad-025	run-04	249.272727	20.000	12.916	5	coloring	egalitarian	hard	wave	x-axis position and contact force	y-axis position and contact force	SNIRF trial-start marker; fixed 20-s task duration; completion time from behavior
dyad-025	run-04	288.090909	20.000	9.945	6	coloring	egalitarian	hard	wave	x-axis position and contact force	y-axis position and contact force	SNIRF trial-start marker; fixed 20-s task duration; completion time from behavior
dyad-025	run-04	326.818182	20.000	7.780	7	coloring	egalitarian	hard	wave	x-axis position and contact force	y-axis position and contact force	SNIRF trial-start marker; fixed 20-s task duration; completion time from behavior
dyad-025	run-04	365.363636	20.000	8.961	8	coloring	egalitarian	hard	wave	x-axis position and contact force	y-axis position and contact force	SNIRF trial-start marker; fixed 20-s task duration; completion time from behavior
dyad-025	run-04	404.000000	20.000	8.362	9	coloring	egalitarian	hard	wave	x-axis position and contact force	y-axis position and contact force	SNIRF trial-start marker; fixed 20-s task duration; completion time from behavior
dyad-025	run-04	442.545455	20.000	11.839	10	coloring	egalitarian	hard	wave	x-axis position and contact force	y-axis position and contact force	SNIRF trial-start marker; fixed 20-s task duration; completion time from behavior
dyad-025	run-04	481.363636	20.000	11.755	11	coloring	egalitarian	hard	wave	x-axis position and contact force	y-axis position and contact force	SNIRF trial-start marker; fixed 20-s task duration; completion time from behavior
dyad-025	run-04	520.090909	20.000	9.857	12	coloring	egalitarian	hard	wave	x-axis position and contact force	y-axis position and contact force	SNIRF trial-start marker; fixed 20-s task duration; completion time from behavior
dyad-025	run-04	558.818182	20.000	8.377	13	coloring	egalitarian	hard	wave	x-axis position and contact force	y-axis position and contact force	SNIRF trial-start marker; fixed 20-s task duration; completion time from behavior
dyad-025	run-04	597.363636	20.000	8.168	14	coloring	egalitarian	hard	wave	x-axis position and contact force	y-axis position and contact force	SNIRF trial-start marker; fixed 20-s task duration; completion time from behavior
dyad-025	run-04	636.000000	20.000	8.168	15	coloring	egalitarian	hard	wave	x-axis position and contact force	y-axis position and contact force	SNIRF trial-start marker; fixed 20-s task duration; completion time from behavior
dyad-026	run-01	46.090909	20.000	9.386	1	coloring	leader-follower	easy	carrot	pattern-board pen position	applying-board contact force	SNIRF trial-start marker; fixed 20-s task duration; completion time from behavior
dyad-026	run-01	84.727273	20.000	10.972	2	coloring	leader-follower	easy	carrot	pattern-board pen position	applying-board contact force	SNIRF trial-start marker; fixed 20-s task duration; completion time from behavior
dyad-026	run-01	123.363636	20.000	10.061	3	coloring	leader-follower	easy	carrot	pattern-board pen position	applying-board contact force	SNIRF trial-start marker; fixed 20-s task duration; completion time from behavior
dyad-026	run-01	162.000000	20.000	13.120	4	coloring	leader-follower	easy	carrot	pattern-board pen position	applying-board contact force	SNIRF trial-start marker; fixed 20-s task duration; completion time from behavior
dyad-026	run-01	200.818182	20.000	13.121	5	coloring	leader-follower	easy	carrot	pattern-board pen position	applying-board contact force	SNIRF trial-start marker; fixed 20-s task duration; completion time from behavior
dyad-026	run-01	239.727273	20.000	11.427	6	coloring	leader-follower	easy	carrot	pattern-board pen position	applying-board contact force	SNIRF trial-start marker; fixed 20-s task duration; completion time from behavior
dyad-026	run-01	278.454545	20.000	13.867	7	coloring	leader-follower	easy	carrot	pattern-board pen position	applying-board contact force	SNIRF trial-start marker; fixed 20-s task duration; completion time from behavior
dyad-026	run-01	317.272727	20.000	15.255	8	coloring	leader-follower	easy	carrot	pattern-board pen position	applying-board contact force	SNIRF trial-start marker; fixed 20-s task duration; completion time from behavior
dyad-026	run-01	356.272727	20.000	16.773	9	coloring	leader-follower	easy	carrot	pattern-board pen position	applying-board contact force	SNIRF trial-start marker; fixed 20-s task duration; completion time from behavior
dyad-026	run-01	395.454545	20.000	17.995	10	coloring	leader-follower	easy	carrot	pattern-board pen position	applying-board contact force	SNIRF trial-start marker; fixed 20-s task duration; completion time from behavior
dyad-026	run-01	434.636364	20.000	13.917	11	coloring	leader-follower	easy	carrot	pattern-board pen position	applying-board contact force	SNIRF trial-start marker; fixed 20-s task duration; completion time from behavior
dyad-026	run-01	473.545455	20.000	13.673	12	coloring	leader-follower	easy	carrot	pattern-board pen position	applying-board contact force	SNIRF trial-start marker; fixed 20-s task duration; completion time from behavior
dyad-026	run-01	512.363636	20.000	15.174	13	coloring	leader-follower	easy	carrot	pattern-board pen position	applying-board contact force	SNIRF trial-start marker; fixed 20-s task duration; completion time from behavior
dyad-026	run-01	551.363636	20.000	11.141	14	coloring	leader-follower	easy	carrot	pattern-board pen position	applying-board contact force	SNIRF trial-start marker; fixed 20-s task duration; completion time from behavior
dyad-026	run-01	590.000000	20.000	12.465	15	coloring	leader-follower	easy	carrot	pattern-board pen position	applying-board contact force	SNIRF trial-start marker; fixed 20-s task duration; completion time from behavior
dyad-026	run-02	30.090909	20.000	12.396	1	coloring	leader-follower	hard	wave	pattern-board pen position	applying-board contact force	SNIRF trial-start marker; fixed 20-s task duration; completion time from behavior
dyad-026	run-02	68.818182	20.000	13.410	2	coloring	leader-follower	hard	wave	pattern-board pen position	applying-board contact force	SNIRF trial-start marker; fixed 20-s task duration; completion time from behavior
dyad-026	run-02	107.727273	20.000	13.351	3	coloring	leader-follower	hard	wave	pattern-board pen position	applying-board contact force	SNIRF trial-start marker; fixed 20-s task duration; completion time from behavior
dyad-026	run-02	146.545455	20.000	14.174	4	coloring	leader-follower	hard	wave	pattern-board pen position	applying-board contact force	SNIRF trial-start marker; fixed 20-s task duration; completion time from behavior
dyad-026	run-02	185.454545	20.000	15.756	5	coloring	leader-follower	hard	wave	pattern-board pen position	applying-board contact force	SNIRF trial-start marker; fixed 20-s task duration; completion time from behavior
dyad-026	run-02	224.454545	20.000	11.887	6	coloring	leader-follower	hard	wave	pattern-board pen position	applying-board contact force	SNIRF trial-start marker; fixed 20-s task duration; completion time from behavior
dyad-026	run-02	263.181818	20.000	12.736	7	coloring	leader-follower	hard	wave	pattern-board pen position	applying-board contact force	SNIRF trial-start marker; fixed 20-s task duration; completion time from behavior
dyad-026	run-02	301.909091	20.000	13.256	8	coloring	leader-follower	hard	wave	pattern-board pen position	applying-board contact force	SNIRF trial-start marker; fixed 20-s task duration; completion time from behavior
dyad-026	run-02	340.727273	20.000	14.161	9	coloring	leader-follower	hard	wave	pattern-board pen position	applying-board contact force	SNIRF trial-start marker; fixed 20-s task duration; completion time from behavior
dyad-026	run-02	379.636364	20.000	15.813	10	coloring	leader-follower	hard	wave	pattern-board pen position	applying-board contact force	SNIRF trial-start marker; fixed 20-s task duration; completion time from behavior
dyad-026	run-02	418.545455	20.000	14.368	11	coloring	leader-follower	hard	wave	pattern-board pen position	applying-board contact force	SNIRF trial-start marker; fixed 20-s task duration; completion time from behavior
dyad-026	run-02	457.454545	20.000	7.013	12	coloring	leader-follower	hard	wave	pattern-board pen position	applying-board contact force	SNIRF trial-start marker; fixed 20-s task duration; completion time from behavior
dyad-026	run-02	496.090909	20.000	12.350	13	coloring	leader-follower	hard	wave	pattern-board pen position	applying-board contact force	SNIRF trial-start marker; fixed 20-s task duration; completion time from behavior
dyad-026	run-02	534.818182	20.000	13.916	14	coloring	leader-follower	hard	wave	pattern-board pen position	applying-board contact force	SNIRF trial-start marker; fixed 20-s task duration; completion time from behavior
dyad-026	run-02	573.727273	20.000	13.462	15	coloring	leader-follower	hard	wave	pattern-board pen position	applying-board contact force	SNIRF trial-start marker; fixed 20-s task duration; completion time from behavior
dyad-026	run-03	51.454545	20.000	12.662	1	coloring	egalitarian	easy	carrot	x-axis position and contact force	y-axis position and contact force	SNIRF trial-start marker; fixed 20-s task duration; completion time from behavior
dyad-026	run-03	90.181818	20.000	10.594	2	coloring	egalitarian	easy	carrot	x-axis position and contact force	y-axis position and contact force	SNIRF trial-start marker; fixed 20-s task duration; completion time from behavior
dyad-026	run-03	128.818182	20.000	12.901	3	coloring	egalitarian	easy	carrot	x-axis position and contact force	y-axis position and contact force	SNIRF trial-start marker; fixed 20-s task duration; completion time from behavior
dyad-026	run-03	167.636364	20.000	10.491	4	coloring	egalitarian	easy	carrot	x-axis position and contact force	y-axis position and contact force	SNIRF trial-start marker; fixed 20-s task duration; completion time from behavior
dyad-026	run-03	206.272727	20.000	10.022	5	coloring	egalitarian	easy	carrot	x-axis position and contact force	y-axis position and contact force	SNIRF trial-start marker; fixed 20-s task duration; completion time from behavior
dyad-026	run-03	244.909091	20.000	10.809	6	coloring	egalitarian	easy	carrot	x-axis position and contact force	y-axis position and contact force	SNIRF trial-start marker; fixed 20-s task duration; completion time from behavior
dyad-026	run-03	283.636364	20.000	15.294	7	coloring	egalitarian	easy	carrot	x-axis position and contact force	y-axis position and contact force	SNIRF trial-start marker; fixed 20-s task duration; completion time from behavior
dyad-026	run-03	322.818182	20.000	12.087	8	coloring	egalitarian	easy	carrot	x-axis position and contact force	y-axis position and contact force	SNIRF trial-start marker; fixed 20-s task duration; completion time from behavior
dyad-026	run-03	361.636364	20.000	9.600	9	coloring	egalitarian	easy	carrot	x-axis position and contact force	y-axis position and contact force	SNIRF trial-start marker; fixed 20-s task duration; completion time from behavior
dyad-026	run-03	400.181818	20.000	11.138	10	coloring	egalitarian	easy	carrot	x-axis position and contact force	y-axis position and contact force	SNIRF trial-start marker; fixed 20-s task duration; completion time from behavior
dyad-026	run-03	438.818182	20.000	10.897	11	coloring	egalitarian	easy	carrot	x-axis position and contact force	y-axis position and contact force	SNIRF trial-start marker; fixed 20-s task duration; completion time from behavior
dyad-026	run-03	477.545455	20.000	11.913	12	coloring	egalitarian	easy	carrot	x-axis position and contact force	y-axis position and contact force	SNIRF trial-start marker; fixed 20-s task duration; completion time from behavior
dyad-026	run-03	516.272727	20.000	11.913	13	coloring	egalitarian	easy	carrot	x-axis position and contact force	y-axis position and contact force	SNIRF trial-start marker; fixed 20-s task duration; completion time from behavior
dyad-026	run-03	555.000000	20.000	10.193	14	coloring	egalitarian	easy	carrot	x-axis position and contact force	y-axis position and contact force	SNIRF trial-start marker; fixed 20-s task duration; completion time from behavior
dyad-026	run-03	593.636364	20.000	9.970	15	coloring	egalitarian	easy	carrot	x-axis position and contact force	y-axis position and contact force	SNIRF trial-start marker; fixed 20-s task duration; completion time from behavior
dyad-026	run-04	25.272727	20.000	12.690	1	coloring	egalitarian	hard	wave	x-axis position and contact force	y-axis position and contact force	SNIRF trial-start marker; fixed 20-s task duration; completion time from behavior
dyad-026	run-04	64.818182	20.000	10.106	2	coloring	egalitarian	hard	wave	x-axis position and contact force	y-axis position and contact force	SNIRF trial-start marker; fixed 20-s task duration; completion time from behavior
dyad-026	run-04	103.727273	20.000	9.993	3	coloring	egalitarian	hard	wave	x-axis position and contact force	y-axis position and contact force	SNIRF trial-start marker; fixed 20-s task duration; completion time from behavior
dyad-026	run-04	142.909091	20.000	10.964	4	coloring	egalitarian	hard	wave	x-axis position and contact force	y-axis position and contact force	SNIRF trial-start marker; fixed 20-s task duration; completion time from behavior
dyad-026	run-04	182.000000	20.000	5.605	5	coloring	egalitarian	hard	wave	x-axis position and contact force	y-axis position and contact force	SNIRF trial-start marker; fixed 20-s task duration; completion time from behavior
dyad-026	run-04	220.454545	20.000	5.605	6	coloring	egalitarian	hard	wave	x-axis position and contact force	y-axis position and contact force	SNIRF trial-start marker; fixed 20-s task duration; completion time from behavior
dyad-026	run-04	259.000000	20.000	7.684	7	coloring	egalitarian	hard	wave	x-axis position and contact force	y-axis position and contact force	SNIRF trial-start marker; fixed 20-s task duration; completion time from behavior
dyad-026	run-04	298.090909	20.000	7.934	8	coloring	egalitarian	hard	wave	x-axis position and contact force	y-axis position and contact force	SNIRF trial-start marker; fixed 20-s task duration; completion time from behavior
dyad-026	run-04	337.090909	20.000	11.816	9	coloring	egalitarian	hard	wave	x-axis position and contact force	y-axis position and contact force	SNIRF trial-start marker; fixed 20-s task duration; completion time from behavior
dyad-026	run-04	376.454545	20.000	14.848	10	coloring	egalitarian	hard	wave	x-axis position and contact force	y-axis position and contact force	SNIRF trial-start marker; fixed 20-s task duration; completion time from behavior
dyad-026	run-04	416.090909	20.000	12.259	11	coloring	egalitarian	hard	wave	x-axis position and contact force	y-axis position and contact force	SNIRF trial-start marker; fixed 20-s task duration; completion time from behavior
dyad-026	run-04	455.090909	20.000	13.374	12	coloring	egalitarian	hard	wave	x-axis position and contact force	y-axis position and contact force	SNIRF trial-start marker; fixed 20-s task duration; completion time from behavior
dyad-026	run-04	494.272727	20.000	14.228	13	coloring	egalitarian	hard	wave	x-axis position and contact force	y-axis position and contact force	SNIRF trial-start marker; fixed 20-s task duration; completion time from behavior
dyad-026	run-04	533.818182	20.000	12.221	14	coloring	egalitarian	hard	wave	x-axis position and contact force	y-axis position and contact force	SNIRF trial-start marker; fixed 20-s task duration; completion time from behavior
dyad-026	run-04	573.181818	20.000	13.328	15	coloring	egalitarian	hard	wave	x-axis position and contact force	y-axis position and contact force	SNIRF trial-start marker; fixed 20-s task duration; completion time from behavior
dyad-027	run-01	28.000000	20.000	7.736	1	coloring	leader-follower	easy	carrot	pattern-board pen position	applying-board contact force	SNIRF trial-start marker; fixed 20-s task duration; completion time from behavior
dyad-027	run-01	66.454545	20.000	10.530	2	coloring	leader-follower	easy	carrot	pattern-board pen position	applying-board contact force	SNIRF trial-start marker; fixed 20-s task duration; completion time from behavior
dyad-027	run-01	105.454545	20.000	10.800	3	coloring	leader-follower	easy	carrot	pattern-board pen position	applying-board contact force	SNIRF trial-start marker; fixed 20-s task duration; completion time from behavior
dyad-027	run-01	144.454545	20.000	11.497	4	coloring	leader-follower	easy	carrot	pattern-board pen position	applying-board contact force	SNIRF trial-start marker; fixed 20-s task duration; completion time from behavior
dyad-027	run-01	183.181818	20.000	12.344	5	coloring	leader-follower	easy	carrot	pattern-board pen position	applying-board contact force	SNIRF trial-start marker; fixed 20-s task duration; completion time from behavior
dyad-027	run-01	221.909091	20.000	12.640	6	coloring	leader-follower	easy	carrot	pattern-board pen position	applying-board contact force	SNIRF trial-start marker; fixed 20-s task duration; completion time from behavior
dyad-027	run-01	260.727273	20.000	13.610	7	coloring	leader-follower	easy	carrot	pattern-board pen position	applying-board contact force	SNIRF trial-start marker; fixed 20-s task duration; completion time from behavior
dyad-027	run-01	299.545455	20.000	13.602	8	coloring	leader-follower	easy	carrot	pattern-board pen position	applying-board contact force	SNIRF trial-start marker; fixed 20-s task duration; completion time from behavior
dyad-027	run-01	338.363636	20.000	16.830	9	coloring	leader-follower	easy	carrot	pattern-board pen position	applying-board contact force	SNIRF trial-start marker; fixed 20-s task duration; completion time from behavior
dyad-027	run-01	377.454545	20.000	14.895	10	coloring	leader-follower	easy	carrot	pattern-board pen position	applying-board contact force	SNIRF trial-start marker; fixed 20-s task duration; completion time from behavior
dyad-027	run-01	416.545455	20.000	12.361	11	coloring	leader-follower	easy	carrot	pattern-board pen position	applying-board contact force	SNIRF trial-start marker; fixed 20-s task duration; completion time from behavior
dyad-027	run-01	455.454545	20.000	15.524	12	coloring	leader-follower	easy	carrot	pattern-board pen position	applying-board contact force	SNIRF trial-start marker; fixed 20-s task duration; completion time from behavior
dyad-027	run-01	494.636364	20.000	15.865	13	coloring	leader-follower	easy	carrot	pattern-board pen position	applying-board contact force	SNIRF trial-start marker; fixed 20-s task duration; completion time from behavior
dyad-027	run-01	533.727273	20.000	13.330	14	coloring	leader-follower	easy	carrot	pattern-board pen position	applying-board contact force	SNIRF trial-start marker; fixed 20-s task duration; completion time from behavior
dyad-027	run-01	572.727273	20.000	10.824	15	coloring	leader-follower	easy	carrot	pattern-board pen position	applying-board contact force	SNIRF trial-start marker; fixed 20-s task duration; completion time from behavior
dyad-027	run-02	23.818182	20.000	12.405	1	coloring	leader-follower	hard	wave	pattern-board pen position	applying-board contact force	SNIRF trial-start marker; fixed 20-s task duration; completion time from behavior
dyad-027	run-02	62.636364	20.000	13.883	2	coloring	leader-follower	hard	wave	pattern-board pen position	applying-board contact force	SNIRF trial-start marker; fixed 20-s task duration; completion time from behavior
dyad-027	run-02	101.545455	20.000	14.406	3	coloring	leader-follower	hard	wave	pattern-board pen position	applying-board contact force	SNIRF trial-start marker; fixed 20-s task duration; completion time from behavior
dyad-027	run-02	140.545455	20.000	13.980	4	coloring	leader-follower	hard	wave	pattern-board pen position	applying-board contact force	SNIRF trial-start marker; fixed 20-s task duration; completion time from behavior
dyad-027	run-02	179.363636	20.000	14.603	5	coloring	leader-follower	hard	wave	pattern-board pen position	applying-board contact force	SNIRF trial-start marker; fixed 20-s task duration; completion time from behavior
dyad-027	run-02	218.363636	20.000	16.099	6	coloring	leader-follower	hard	wave	pattern-board pen position	applying-board contact force	SNIRF trial-start marker; fixed 20-s task duration; completion time from behavior
dyad-027	run-02	257.363636	20.000	15.178	7	coloring	leader-follower	hard	wave	pattern-board pen position	applying-board contact force	SNIRF trial-start marker; fixed 20-s task duration; completion time from behavior
dyad-027	run-02	296.363636	20.000	16.179	8	coloring	leader-follower	hard	wave	pattern-board pen position	applying-board contact force	SNIRF trial-start marker; fixed 20-s task duration; completion time from behavior
dyad-027	run-02	335.272727	20.000	14.898	9	coloring	leader-follower	hard	wave	pattern-board pen position	applying-board contact force	SNIRF trial-start marker; fixed 20-s task duration; completion time from behavior
dyad-027	run-02	374.272727	20.000	14.892	10	coloring	leader-follower	hard	wave	pattern-board pen position	applying-board contact force	SNIRF trial-start marker; fixed 20-s task duration; completion time from behavior
dyad-027	run-02	413.181818	20.000	14.856	11	coloring	leader-follower	hard	wave	pattern-board pen position	applying-board contact force	SNIRF trial-start marker; fixed 20-s task duration; completion time from behavior
dyad-027	run-02	452.181818	20.000	15.838	12	coloring	leader-follower	hard	wave	pattern-board pen position	applying-board contact force	SNIRF trial-start marker; fixed 20-s task duration; completion time from behavior
dyad-027	run-02	491.181818	20.000	14.059	13	coloring	leader-follower	hard	wave	pattern-board pen position	applying-board contact force	SNIRF trial-start marker; fixed 20-s task duration; completion time from behavior
dyad-027	run-02	530.090909	20.000	14.469	14	coloring	leader-follower	hard	wave	pattern-board pen position	applying-board contact force	SNIRF trial-start marker; fixed 20-s task duration; completion time from behavior
dyad-027	run-02	569.000000	20.000	12.868	15	coloring	leader-follower	hard	wave	pattern-board pen position	applying-board contact force	SNIRF trial-start marker; fixed 20-s task duration; completion time from behavior
dyad-027	run-03	21.909091	20.000	10.649	1	coloring	egalitarian	easy	carrot	x-axis position and contact force	y-axis position and contact force	SNIRF trial-start marker; fixed 20-s task duration; completion time from behavior
dyad-027	run-03	60.545455	20.000	13.836	2	coloring	egalitarian	easy	carrot	x-axis position and contact force	y-axis position and contact force	SNIRF trial-start marker; fixed 20-s task duration; completion time from behavior
dyad-027	run-03	99.454545	20.000	11.779	3	coloring	egalitarian	easy	carrot	x-axis position and contact force	y-axis position and contact force	SNIRF trial-start marker; fixed 20-s task duration; completion time from behavior
dyad-027	run-03	138.272727	20.000	12.370	4	coloring	egalitarian	easy	carrot	x-axis position and contact force	y-axis position and contact force	SNIRF trial-start marker; fixed 20-s task duration; completion time from behavior
dyad-027	run-03	177.000000	20.000	11.448	5	coloring	egalitarian	easy	carrot	x-axis position and contact force	y-axis position and contact force	SNIRF trial-start marker; fixed 20-s task duration; completion time from behavior
dyad-027	run-03	215.727273	20.000	12.649	6	coloring	egalitarian	easy	carrot	x-axis position and contact force	y-axis position and contact force	SNIRF trial-start marker; fixed 20-s task duration; completion time from behavior
dyad-027	run-03	254.454545	20.000	14.509	7	coloring	egalitarian	easy	carrot	x-axis position and contact force	y-axis position and contact force	SNIRF trial-start marker; fixed 20-s task duration; completion time from behavior
dyad-027	run-03	293.363636	20.000	12.034	8	coloring	egalitarian	easy	carrot	x-axis position and contact force	y-axis position and contact force	SNIRF trial-start marker; fixed 20-s task duration; completion time from behavior
dyad-027	run-03	332.090909	20.000	13.231	9	coloring	egalitarian	easy	carrot	x-axis position and contact force	y-axis position and contact force	SNIRF trial-start marker; fixed 20-s task duration; completion time from behavior
dyad-027	run-03	370.909091	20.000	12.491	10	coloring	egalitarian	easy	carrot	x-axis position and contact force	y-axis position and contact force	SNIRF trial-start marker; fixed 20-s task duration; completion time from behavior
dyad-027	run-03	409.636364	20.000	13.118	11	coloring	egalitarian	easy	carrot	x-axis position and contact force	y-axis position and contact force	SNIRF trial-start marker; fixed 20-s task duration; completion time from behavior
dyad-027	run-03	448.454545	20.000	14.284	12	coloring	egalitarian	easy	carrot	x-axis position and contact force	y-axis position and contact force	SNIRF trial-start marker; fixed 20-s task duration; completion time from behavior
dyad-027	run-03	487.272727	20.000	12.624	13	coloring	egalitarian	easy	carrot	x-axis position and contact force	y-axis position and contact force	SNIRF trial-start marker; fixed 20-s task duration; completion time from behavior
dyad-027	run-03	526.090909	20.000	12.751	14	coloring	egalitarian	easy	carrot	x-axis position and contact force	y-axis position and contact force	SNIRF trial-start marker; fixed 20-s task duration; completion time from behavior
dyad-027	run-03	564.818182	20.000	12.307	15	coloring	egalitarian	easy	carrot	x-axis position and contact force	y-axis position and contact force	SNIRF trial-start marker; fixed 20-s task duration; completion time from behavior
dyad-027	run-04	23.636364	20.000	13.661	1	coloring	egalitarian	hard	wave	x-axis position and contact force	y-axis position and contact force	SNIRF trial-start marker; fixed 20-s task duration; completion time from behavior
dyad-027	run-04	62.909091	20.000	13.661	2	coloring	egalitarian	hard	wave	x-axis position and contact force	y-axis position and contact force	SNIRF trial-start marker; fixed 20-s task duration; completion time from behavior
dyad-027	run-04	102.181818	20.000	10.760	3	coloring	egalitarian	hard	wave	x-axis position and contact force	y-axis position and contact force	SNIRF trial-start marker; fixed 20-s task duration; completion time from behavior
dyad-027	run-04	141.181818	20.000	14.815	4	coloring	egalitarian	hard	wave	x-axis position and contact force	y-axis position and contact force	SNIRF trial-start marker; fixed 20-s task duration; completion time from behavior
dyad-027	run-04	180.454545	20.000	12.911	5	coloring	egalitarian	hard	wave	x-axis position and contact force	y-axis position and contact force	SNIRF trial-start marker; fixed 20-s task duration; completion time from behavior
dyad-027	run-04	219.636364	20.000	12.020	6	coloring	egalitarian	hard	wave	x-axis position and contact force	y-axis position and contact force	SNIRF trial-start marker; fixed 20-s task duration; completion time from behavior
dyad-027	run-04	258.727273	20.000	13.418	7	coloring	egalitarian	hard	wave	x-axis position and contact force	y-axis position and contact force	SNIRF trial-start marker; fixed 20-s task duration; completion time from behavior
dyad-027	run-04	297.545455	20.000	12.313	8	coloring	egalitarian	hard	wave	x-axis position and contact force	y-axis position and contact force	SNIRF trial-start marker; fixed 20-s task duration; completion time from behavior
dyad-027	run-04	336.636364	20.000	15.589	9	coloring	egalitarian	hard	wave	x-axis position and contact force	y-axis position and contact force	SNIRF trial-start marker; fixed 20-s task duration; completion time from behavior
dyad-027	run-04	375.636364	20.000	13.781	10	coloring	egalitarian	hard	wave	x-axis position and contact force	y-axis position and contact force	SNIRF trial-start marker; fixed 20-s task duration; completion time from behavior
dyad-027	run-04	414.909091	20.000	15.210	11	coloring	egalitarian	hard	wave	x-axis position and contact force	y-axis position and contact force	SNIRF trial-start marker; fixed 20-s task duration; completion time from behavior
dyad-027	run-04	454.272727	20.000	15.353	12	coloring	egalitarian	hard	wave	x-axis position and contact force	y-axis position and contact force	SNIRF trial-start marker; fixed 20-s task duration; completion time from behavior
dyad-027	run-04	493.636364	20.000	14.728	13	coloring	egalitarian	hard	wave	x-axis position and contact force	y-axis position and contact force	SNIRF trial-start marker; fixed 20-s task duration; completion time from behavior
dyad-027	run-04	532.909091	20.000	15.304	14	coloring	egalitarian	hard	wave	x-axis position and contact force	y-axis position and contact force	SNIRF trial-start marker; fixed 20-s task duration; completion time from behavior
dyad-027	run-04	572.272727	20.000	13.565	15	coloring	egalitarian	hard	wave	x-axis position and contact force	y-axis position and contact force	SNIRF trial-start marker; fixed 20-s task duration; completion time from behavior
dyad-028	run-01	23.363636	20.000	14.301	1	coloring	leader-follower	easy	carrot	pattern-board pen position	applying-board contact force	SNIRF trial-start marker; fixed 20-s task duration; completion time from behavior
dyad-028	run-01	62.363636	20.000	10.180	2	coloring	leader-follower	easy	carrot	pattern-board pen position	applying-board contact force	SNIRF trial-start marker; fixed 20-s task duration; completion time from behavior
dyad-028	run-01	101.000000	20.000	6.858	3	coloring	leader-follower	easy	carrot	pattern-board pen position	applying-board contact force	SNIRF trial-start marker; fixed 20-s task duration; completion time from behavior
dyad-028	run-01	139.454545	20.000	10.566	4	coloring	leader-follower	easy	carrot	pattern-board pen position	applying-board contact force	SNIRF trial-start marker; fixed 20-s task duration; completion time from behavior
dyad-028	run-01	178.181818	20.000	16.546	5	coloring	leader-follower	easy	carrot	pattern-board pen position	applying-board contact force	SNIRF trial-start marker; fixed 20-s task duration; completion time from behavior
dyad-028	run-01	217.181818	20.000	11.985	6	coloring	leader-follower	easy	carrot	pattern-board pen position	applying-board contact force	SNIRF trial-start marker; fixed 20-s task duration; completion time from behavior
dyad-028	run-01	256.000000	20.000	12.857	7	coloring	leader-follower	easy	carrot	pattern-board pen position	applying-board contact force	SNIRF trial-start marker; fixed 20-s task duration; completion time from behavior
dyad-028	run-01	294.818182	20.000	13.962	8	coloring	leader-follower	easy	carrot	pattern-board pen position	applying-board contact force	SNIRF trial-start marker; fixed 20-s task duration; completion time from behavior
dyad-028	run-01	333.636364	20.000	11.849	9	coloring	leader-follower	easy	carrot	pattern-board pen position	applying-board contact force	SNIRF trial-start marker; fixed 20-s task duration; completion time from behavior
dyad-028	run-01	372.454545	20.000	11.185	10	coloring	leader-follower	easy	carrot	pattern-board pen position	applying-board contact force	SNIRF trial-start marker; fixed 20-s task duration; completion time from behavior
dyad-028	run-01	411.181818	20.000	8.209	11	coloring	leader-follower	easy	carrot	pattern-board pen position	applying-board contact force	SNIRF trial-start marker; fixed 20-s task duration; completion time from behavior
dyad-028	run-01	449.727273	20.000	10.027	12	coloring	leader-follower	easy	carrot	pattern-board pen position	applying-board contact force	SNIRF trial-start marker; fixed 20-s task duration; completion time from behavior
dyad-028	run-01	488.363636	20.000	10.502	13	coloring	leader-follower	easy	carrot	pattern-board pen position	applying-board contact force	SNIRF trial-start marker; fixed 20-s task duration; completion time from behavior
dyad-028	run-01	527.090909	20.000	9.282	14	coloring	leader-follower	easy	carrot	pattern-board pen position	applying-board contact force	SNIRF trial-start marker; fixed 20-s task duration; completion time from behavior
dyad-028	run-01	565.727273	20.000	10.030	15	coloring	leader-follower	easy	carrot	pattern-board pen position	applying-board contact force	SNIRF trial-start marker; fixed 20-s task duration; completion time from behavior
dyad-028	run-02	66.090909	20.000	10.427	1	coloring	leader-follower	hard	wave	pattern-board pen position	applying-board contact force	SNIRF trial-start marker; fixed 20-s task duration; completion time from behavior
dyad-028	run-02	104.818182	20.000	14.346	2	coloring	leader-follower	hard	wave	pattern-board pen position	applying-board contact force	SNIRF trial-start marker; fixed 20-s task duration; completion time from behavior
dyad-028	run-02	143.909091	20.000	14.915	3	coloring	leader-follower	hard	wave	pattern-board pen position	applying-board contact force	SNIRF trial-start marker; fixed 20-s task duration; completion time from behavior
dyad-028	run-02	182.909091	20.000	16.492	4	coloring	leader-follower	hard	wave	pattern-board pen position	applying-board contact force	SNIRF trial-start marker; fixed 20-s task duration; completion time from behavior
dyad-028	run-02	222.090909	20.000	15.424	5	coloring	leader-follower	hard	wave	pattern-board pen position	applying-board contact force	SNIRF trial-start marker; fixed 20-s task duration; completion time from behavior
dyad-028	run-02	261.181818	20.000	16.279	6	coloring	leader-follower	hard	wave	pattern-board pen position	applying-board contact force	SNIRF trial-start marker; fixed 20-s task duration; completion time from behavior
dyad-028	run-02	300.272727	20.000	13.949	7	coloring	leader-follower	hard	wave	pattern-board pen position	applying-board contact force	SNIRF trial-start marker; fixed 20-s task duration; completion time from behavior
dyad-028	run-02	339.272727	20.000	16.197	8	coloring	leader-follower	hard	wave	pattern-board pen position	applying-board contact force	SNIRF trial-start marker; fixed 20-s task duration; completion time from behavior
dyad-028	run-02	378.454545	20.000	14.638	9	coloring	leader-follower	hard	wave	pattern-board pen position	applying-board contact force	SNIRF trial-start marker; fixed 20-s task duration; completion time from behavior
dyad-028	run-02	417.454545	20.000	15.130	10	coloring	leader-follower	hard	wave	pattern-board pen position	applying-board contact force	SNIRF trial-start marker; fixed 20-s task duration; completion time from behavior
dyad-028	run-02	456.545455	20.000	16.647	11	coloring	leader-follower	hard	wave	pattern-board pen position	applying-board contact force	SNIRF trial-start marker; fixed 20-s task duration; completion time from behavior
dyad-028	run-02	495.636364	20.000	12.639	12	coloring	leader-follower	hard	wave	pattern-board pen position	applying-board contact force	SNIRF trial-start marker; fixed 20-s task duration; completion time from behavior
dyad-028	run-02	534.545455	20.000	10.936	13	coloring	leader-follower	hard	wave	pattern-board pen position	applying-board contact force	SNIRF trial-start marker; fixed 20-s task duration; completion time from behavior
dyad-028	run-02	573.363636	20.000	10.936	14	coloring	leader-follower	hard	wave	pattern-board pen position	applying-board contact force	SNIRF trial-start marker; fixed 20-s task duration; completion time from behavior
dyad-028	run-02	612.454545	20.000	12.883	15	coloring	leader-follower	hard	wave	pattern-board pen position	applying-board contact force	SNIRF trial-start marker; fixed 20-s task duration; completion time from behavior
dyad-028	run-03	32.272727	20.000	14.340	1	coloring	egalitarian	easy	carrot	x-axis position and contact force	y-axis position and contact force	SNIRF trial-start marker; fixed 20-s task duration; completion time from behavior
dyad-028	run-03	71.000000	20.000	13.956	2	coloring	egalitarian	easy	carrot	x-axis position and contact force	y-axis position and contact force	SNIRF trial-start marker; fixed 20-s task duration; completion time from behavior
dyad-028	run-03	110.000000	20.000	13.956	3	coloring	egalitarian	easy	carrot	x-axis position and contact force	y-axis position and contact force	SNIRF trial-start marker; fixed 20-s task duration; completion time from behavior
dyad-028	run-03	149.000000	20.000	13.956	4	coloring	egalitarian	easy	carrot	x-axis position and contact force	y-axis position and contact force	SNIRF trial-start marker; fixed 20-s task duration; completion time from behavior
dyad-028	run-03	187.818182	20.000	15.465	5	coloring	egalitarian	easy	carrot	x-axis position and contact force	y-axis position and contact force	SNIRF trial-start marker; fixed 20-s task duration; completion time from behavior
dyad-028	run-03	226.818182	20.000	15.196	6	coloring	egalitarian	easy	carrot	x-axis position and contact force	y-axis position and contact force	SNIRF trial-start marker; fixed 20-s task duration; completion time from behavior
dyad-028	run-03	265.727273	20.000	13.275	7	coloring	egalitarian	easy	carrot	x-axis position and contact force	y-axis position and contact force	SNIRF trial-start marker; fixed 20-s task duration; completion time from behavior
dyad-028	run-03	304.454545	20.000	13.111	8	coloring	egalitarian	easy	carrot	x-axis position and contact force	y-axis position and contact force	SNIRF trial-start marker; fixed 20-s task duration; completion time from behavior
dyad-028	run-03	343.272727	20.000	13.878	9	coloring	egalitarian	easy	carrot	x-axis position and contact force	y-axis position and contact force	SNIRF trial-start marker; fixed 20-s task duration; completion time from behavior
dyad-028	run-03	382.090909	20.000	13.878	10	coloring	egalitarian	easy	carrot	x-axis position and contact force	y-axis position and contact force	SNIRF trial-start marker; fixed 20-s task duration; completion time from behavior
dyad-028	run-03	420.909091	20.000	15.468	11	coloring	egalitarian	easy	carrot	x-axis position and contact force	y-axis position and contact force	SNIRF trial-start marker; fixed 20-s task duration; completion time from behavior
dyad-028	run-03	459.818182	20.000	14.615	12	coloring	egalitarian	easy	carrot	x-axis position and contact force	y-axis position and contact force	SNIRF trial-start marker; fixed 20-s task duration; completion time from behavior
dyad-028	run-03	498.636364	20.000	13.201	13	coloring	egalitarian	easy	carrot	x-axis position and contact force	y-axis position and contact force	SNIRF trial-start marker; fixed 20-s task duration; completion time from behavior
dyad-028	run-03	537.454545	20.000	12.386	14	coloring	egalitarian	easy	carrot	x-axis position and contact force	y-axis position and contact force	SNIRF trial-start marker; fixed 20-s task duration; completion time from behavior
dyad-028	run-03	576.090909	20.000	14.702	15	coloring	egalitarian	easy	carrot	x-axis position and contact force	y-axis position and contact force	SNIRF trial-start marker; fixed 20-s task duration; completion time from behavior
dyad-028	run-04	23.090909	20.000	9.893	1	coloring	egalitarian	hard	wave	x-axis position and contact force	y-axis position and contact force	SNIRF trial-start marker; fixed 20-s task duration; completion time from behavior
dyad-028	run-04	61.818182	20.000	14.519	2	coloring	egalitarian	hard	wave	x-axis position and contact force	y-axis position and contact force	SNIRF trial-start marker; fixed 20-s task duration; completion time from behavior
dyad-028	run-04	100.909091	20.000	12.227	3	coloring	egalitarian	hard	wave	x-axis position and contact force	y-axis position and contact force	SNIRF trial-start marker; fixed 20-s task duration; completion time from behavior
dyad-028	run-04	139.727273	20.000	14.953	4	coloring	egalitarian	hard	wave	x-axis position and contact force	y-axis position and contact force	SNIRF trial-start marker; fixed 20-s task duration; completion time from behavior
dyad-028	run-04	178.636364	20.000	11.792	5	coloring	egalitarian	hard	wave	x-axis position and contact force	y-axis position and contact force	SNIRF trial-start marker; fixed 20-s task duration; completion time from behavior
dyad-028	run-04	217.454545	20.000	11.359	6	coloring	egalitarian	hard	wave	x-axis position and contact force	y-axis position and contact force	SNIRF trial-start marker; fixed 20-s task duration; completion time from behavior
dyad-028	run-04	256.181818	20.000	13.178	7	coloring	egalitarian	hard	wave	x-axis position and contact force	y-axis position and contact force	SNIRF trial-start marker; fixed 20-s task duration; completion time from behavior
dyad-028	run-04	295.000000	20.000	12.513	8	coloring	egalitarian	hard	wave	x-axis position and contact force	y-axis position and contact force	SNIRF trial-start marker; fixed 20-s task duration; completion time from behavior
dyad-028	run-04	333.818182	20.000	11.854	9	coloring	egalitarian	hard	wave	x-axis position and contact force	y-axis position and contact force	SNIRF trial-start marker; fixed 20-s task duration; completion time from behavior
dyad-028	run-04	372.636364	20.000	13.710	10	coloring	egalitarian	hard	wave	x-axis position and contact force	y-axis position and contact force	SNIRF trial-start marker; fixed 20-s task duration; completion time from behavior
dyad-028	run-04	411.545455	20.000	12.248	11	coloring	egalitarian	hard	wave	x-axis position and contact force	y-axis position and contact force	SNIRF trial-start marker; fixed 20-s task duration; completion time from behavior
dyad-028	run-04	450.363636	20.000	10.992	12	coloring	egalitarian	hard	wave	x-axis position and contact force	y-axis position and contact force	SNIRF trial-start marker; fixed 20-s task duration; completion time from behavior
dyad-028	run-04	489.090909	20.000	11.480	13	coloring	egalitarian	hard	wave	x-axis position and contact force	y-axis position and contact force	SNIRF trial-start marker; fixed 20-s task duration; completion time from behavior
dyad-028	run-04	527.818182	20.000	12.723	14	coloring	egalitarian	hard	wave	x-axis position and contact force	y-axis position and contact force	SNIRF trial-start marker; fixed 20-s task duration; completion time from behavior
dyad-028	run-04	566.636364	20.000	13.655	15	coloring	egalitarian	hard	wave	x-axis position and contact force	y-axis position and contact force	SNIRF trial-start marker; fixed 20-s task duration; completion time from behavior
dyad-029	run-01	51.909091	20.000	12.077	1	coloring	leader-follower	easy	carrot	pattern-board pen position	applying-board contact force	SNIRF trial-start marker; fixed 20-s task duration; completion time from behavior
dyad-029	run-01	90.636364	20.000	12.042	2	coloring	leader-follower	easy	carrot	pattern-board pen position	applying-board contact force	SNIRF trial-start marker; fixed 20-s task duration; completion time from behavior
dyad-029	run-01	129.545455	20.000	12.293	3	coloring	leader-follower	easy	carrot	pattern-board pen position	applying-board contact force	SNIRF trial-start marker; fixed 20-s task duration; completion time from behavior
dyad-029	run-01	168.363636	20.000	10.116	4	coloring	leader-follower	easy	carrot	pattern-board pen position	applying-board contact force	SNIRF trial-start marker; fixed 20-s task duration; completion time from behavior
dyad-029	run-01	207.000000	20.000	10.456	5	coloring	leader-follower	easy	carrot	pattern-board pen position	applying-board contact force	SNIRF trial-start marker; fixed 20-s task duration; completion time from behavior
dyad-029	run-01	245.727273	20.000	9.343	6	coloring	leader-follower	easy	carrot	pattern-board pen position	applying-board contact force	SNIRF trial-start marker; fixed 20-s task duration; completion time from behavior
dyad-029	run-01	284.363636	20.000	10.553	7	coloring	leader-follower	easy	carrot	pattern-board pen position	applying-board contact force	SNIRF trial-start marker; fixed 20-s task duration; completion time from behavior
dyad-029	run-01	323.090909	20.000	10.553	8	coloring	leader-follower	easy	carrot	pattern-board pen position	applying-board contact force	SNIRF trial-start marker; fixed 20-s task duration; completion time from behavior
dyad-029	run-01	361.272727	20.000	11.284	9	coloring	leader-follower	easy	carrot	pattern-board pen position	applying-board contact force	SNIRF trial-start marker; fixed 20-s task duration; completion time from behavior
dyad-029	run-01	400.000000	20.000	13.001	10	coloring	leader-follower	easy	carrot	pattern-board pen position	applying-board contact force	SNIRF trial-start marker; fixed 20-s task duration; completion time from behavior
dyad-029	run-01	438.909091	20.000	14.420	11	coloring	leader-follower	easy	carrot	pattern-board pen position	applying-board contact force	SNIRF trial-start marker; fixed 20-s task duration; completion time from behavior
dyad-029	run-01	477.909091	20.000	10.112	12	coloring	leader-follower	easy	carrot	pattern-board pen position	applying-board contact force	SNIRF trial-start marker; fixed 20-s task duration; completion time from behavior
dyad-029	run-01	516.636364	20.000	10.519	13	coloring	leader-follower	easy	carrot	pattern-board pen position	applying-board contact force	SNIRF trial-start marker; fixed 20-s task duration; completion time from behavior
dyad-029	run-01	555.363636	20.000	11.750	14	coloring	leader-follower	easy	carrot	pattern-board pen position	applying-board contact force	SNIRF trial-start marker; fixed 20-s task duration; completion time from behavior
dyad-029	run-01	594.181818	20.000	11.872	15	coloring	leader-follower	easy	carrot	pattern-board pen position	applying-board contact force	SNIRF trial-start marker; fixed 20-s task duration; completion time from behavior
dyad-029	run-02	25.272727	20.000	11.251	1	coloring	leader-follower	hard	wave	pattern-board pen position	applying-board contact force	SNIRF trial-start marker; fixed 20-s task duration; completion time from behavior
dyad-029	run-02	64.000000	20.000	11.461	2	coloring	leader-follower	hard	wave	pattern-board pen position	applying-board contact force	SNIRF trial-start marker; fixed 20-s task duration; completion time from behavior
dyad-029	run-02	102.727273	20.000	10.474	3	coloring	leader-follower	hard	wave	pattern-board pen position	applying-board contact force	SNIRF trial-start marker; fixed 20-s task duration; completion time from behavior
dyad-029	run-02	141.363636	20.000	12.822	4	coloring	leader-follower	hard	wave	pattern-board pen position	applying-board contact force	SNIRF trial-start marker; fixed 20-s task duration; completion time from behavior
dyad-029	run-02	180.272727	20.000	12.111	5	coloring	leader-follower	hard	wave	pattern-board pen position	applying-board contact force	SNIRF trial-start marker; fixed 20-s task duration; completion time from behavior
dyad-029	run-02	219.181818	20.000	13.764	6	coloring	leader-follower	hard	wave	pattern-board pen position	applying-board contact force	SNIRF trial-start marker; fixed 20-s task duration; completion time from behavior
dyad-029	run-02	258.181818	20.000	14.590	7	coloring	leader-follower	hard	wave	pattern-board pen position	applying-board contact force	SNIRF trial-start marker; fixed 20-s task duration; completion time from behavior
dyad-029	run-02	297.181818	20.000	13.641	8	coloring	leader-follower	hard	wave	pattern-board pen position	applying-board contact force	SNIRF trial-start marker; fixed 20-s task duration; completion time from behavior
dyad-029	run-02	336.090909	20.000	12.851	9	coloring	leader-follower	hard	wave	pattern-board pen position	applying-board contact force	SNIRF trial-start marker; fixed 20-s task duration; completion time from behavior
dyad-029	run-02	375.090909	20.000	12.759	10	coloring	leader-follower	hard	wave	pattern-board pen position	applying-board contact force	SNIRF trial-start marker; fixed 20-s task duration; completion time from behavior
dyad-029	run-02	414.000000	20.000	11.329	11	coloring	leader-follower	hard	wave	pattern-board pen position	applying-board contact force	SNIRF trial-start marker; fixed 20-s task duration; completion time from behavior
dyad-029	run-02	452.818182	20.000	9.249	12	coloring	leader-follower	hard	wave	pattern-board pen position	applying-board contact force	SNIRF trial-start marker; fixed 20-s task duration; completion time from behavior
dyad-029	run-02	491.545455	20.000	11.445	13	coloring	leader-follower	hard	wave	pattern-board pen position	applying-board contact force	SNIRF trial-start marker; fixed 20-s task duration; completion time from behavior
dyad-029	run-02	530.363636	20.000	10.539	14	coloring	leader-follower	hard	wave	pattern-board pen position	applying-board contact force	SNIRF trial-start marker; fixed 20-s task duration; completion time from behavior
dyad-029	run-02	569.181818	20.000	10.089	15	coloring	leader-follower	hard	wave	pattern-board pen position	applying-board contact force	SNIRF trial-start marker; fixed 20-s task duration; completion time from behavior
dyad-029	run-03	24.000000	20.000	14.405	1	coloring	egalitarian	easy	carrot	x-axis position and contact force	y-axis position and contact force	SNIRF trial-start marker; fixed 20-s task duration; completion time from behavior
dyad-029	run-03	63.000000	20.000	14.529	2	coloring	egalitarian	easy	carrot	x-axis position and contact force	y-axis position and contact force	SNIRF trial-start marker; fixed 20-s task duration; completion time from behavior
dyad-029	run-03	101.909091	20.000	12.993	3	coloring	egalitarian	easy	carrot	x-axis position and contact force	y-axis position and contact force	SNIRF trial-start marker; fixed 20-s task duration; completion time from behavior
dyad-029	run-03	140.727273	20.000	11.593	4	coloring	egalitarian	easy	carrot	x-axis position and contact force	y-axis position and contact force	SNIRF trial-start marker; fixed 20-s task duration; completion time from behavior
dyad-029	run-03	179.545455	20.000	11.956	5	coloring	egalitarian	easy	carrot	x-axis position and contact force	y-axis position and contact force	SNIRF trial-start marker; fixed 20-s task duration; completion time from behavior
dyad-029	run-03	218.272727	20.000	11.037	6	coloring	egalitarian	easy	carrot	x-axis position and contact force	y-axis position and contact force	SNIRF trial-start marker; fixed 20-s task duration; completion time from behavior
dyad-029	run-03	257.000000	20.000	9.404	7	coloring	egalitarian	easy	carrot	x-axis position and contact force	y-axis position and contact force	SNIRF trial-start marker; fixed 20-s task duration; completion time from behavior
dyad-029	run-03	295.636364	20.000	10.028	8	coloring	egalitarian	easy	carrot	x-axis position and contact force	y-axis position and contact force	SNIRF trial-start marker; fixed 20-s task duration; completion time from behavior
dyad-029	run-03	334.272727	20.000	8.973	9	coloring	egalitarian	easy	carrot	x-axis position and contact force	y-axis position and contact force	SNIRF trial-start marker; fixed 20-s task duration; completion time from behavior
dyad-029	run-03	372.909091	20.000	9.770	10	coloring	egalitarian	easy	carrot	x-axis position and contact force	y-axis position and contact force	SNIRF trial-start marker; fixed 20-s task duration; completion time from behavior
dyad-029	run-03	411.545455	20.000	8.747	11	coloring	egalitarian	easy	carrot	x-axis position and contact force	y-axis position and contact force	SNIRF trial-start marker; fixed 20-s task duration; completion time from behavior
dyad-029	run-03	450.181818	20.000	9.464	12	coloring	egalitarian	easy	carrot	x-axis position and contact force	y-axis position and contact force	SNIRF trial-start marker; fixed 20-s task duration; completion time from behavior
dyad-029	run-03	488.818182	20.000	9.400	13	coloring	egalitarian	easy	carrot	x-axis position and contact force	y-axis position and contact force	SNIRF trial-start marker; fixed 20-s task duration; completion time from behavior
dyad-029	run-03	527.454545	20.000	7.935	14	coloring	egalitarian	easy	carrot	x-axis position and contact force	y-axis position and contact force	SNIRF trial-start marker; fixed 20-s task duration; completion time from behavior
dyad-029	run-03	566.000000	20.000	9.025	15	coloring	egalitarian	easy	carrot	x-axis position and contact force	y-axis position and contact force	SNIRF trial-start marker; fixed 20-s task duration; completion time from behavior
dyad-029	run-04	18.727273	20.000	10.389	1	coloring	egalitarian	hard	wave	x-axis position and contact force	y-axis position and contact force	SNIRF trial-start marker; fixed 20-s task duration; completion time from behavior
dyad-029	run-04	57.454545	20.000	8.488	2	coloring	egalitarian	hard	wave	x-axis position and contact force	y-axis position and contact force	SNIRF trial-start marker; fixed 20-s task duration; completion time from behavior
dyad-029	run-04	96.272727	20.000	11.223	3	coloring	egalitarian	hard	wave	x-axis position and contact force	y-axis position and contact force	SNIRF trial-start marker; fixed 20-s task duration; completion time from behavior
dyad-029	run-04	135.181818	20.000	8.491	4	coloring	egalitarian	hard	wave	x-axis position and contact force	y-axis position and contact force	SNIRF trial-start marker; fixed 20-s task duration; completion time from behavior
dyad-029	run-04	173.818182	20.000	10.912	5	coloring	egalitarian	hard	wave	x-axis position and contact force	y-axis position and contact force	SNIRF trial-start marker; fixed 20-s task duration; completion time from behavior
dyad-029	run-04	212.727273	20.000	10.069	6	coloring	egalitarian	hard	wave	x-axis position and contact force	y-axis position and contact force	SNIRF trial-start marker; fixed 20-s task duration; completion time from behavior
dyad-029	run-04	251.545455	20.000	11.087	7	coloring	egalitarian	hard	wave	x-axis position and contact force	y-axis position and contact force	SNIRF trial-start marker; fixed 20-s task duration; completion time from behavior
dyad-029	run-04	290.454545	20.000	10.811	8	coloring	egalitarian	hard	wave	x-axis position and contact force	y-axis position and contact force	SNIRF trial-start marker; fixed 20-s task duration; completion time from behavior
dyad-029	run-04	329.181818	20.000	8.799	9	coloring	egalitarian	hard	wave	x-axis position and contact force	y-axis position and contact force	SNIRF trial-start marker; fixed 20-s task duration; completion time from behavior
dyad-029	run-04	367.909091	20.000	9.548	10	coloring	egalitarian	hard	wave	x-axis position and contact force	y-axis position and contact force	SNIRF trial-start marker; fixed 20-s task duration; completion time from behavior
dyad-029	run-04	406.727273	20.000	9.001	11	coloring	egalitarian	hard	wave	x-axis position and contact force	y-axis position and contact force	SNIRF trial-start marker; fixed 20-s task duration; completion time from behavior
dyad-029	run-04	445.454545	20.000	8.651	12	coloring	egalitarian	hard	wave	x-axis position and contact force	y-axis position and contact force	SNIRF trial-start marker; fixed 20-s task duration; completion time from behavior
dyad-029	run-04	484.090909	20.000	9.123	13	coloring	egalitarian	hard	wave	x-axis position and contact force	y-axis position and contact force	SNIRF trial-start marker; fixed 20-s task duration; completion time from behavior
dyad-029	run-04	522.909091	20.000	9.400	14	coloring	egalitarian	hard	wave	x-axis position and contact force	y-axis position and contact force	SNIRF trial-start marker; fixed 20-s task duration; completion time from behavior
dyad-029	run-04	561.636364	20.000	9.400	15	coloring	egalitarian	hard	wave	x-axis position and contact force	y-axis position and contact force	SNIRF trial-start marker; fixed 20-s task duration; completion time from behavior
dyad-030	run-01	23.909091	20.000	8.480	1	coloring	leader-follower	easy	carrot	pattern-board pen position	applying-board contact force	SNIRF trial-start marker; fixed 20-s task duration; completion time from behavior
dyad-030	run-01	62.545455	20.000	9.132	2	coloring	leader-follower	easy	carrot	pattern-board pen position	applying-board contact force	SNIRF trial-start marker; fixed 20-s task duration; completion time from behavior
dyad-030	run-01	101.181818	20.000	9.805	3	coloring	leader-follower	easy	carrot	pattern-board pen position	applying-board contact force	SNIRF trial-start marker; fixed 20-s task duration; completion time from behavior
dyad-030	run-01	139.909091	20.000	8.274	4	coloring	leader-follower	easy	carrot	pattern-board pen position	applying-board contact force	SNIRF trial-start marker; fixed 20-s task duration; completion time from behavior
dyad-030	run-01	178.454545	20.000	9.404	5	coloring	leader-follower	easy	carrot	pattern-board pen position	applying-board contact force	SNIRF trial-start marker; fixed 20-s task duration; completion time from behavior
dyad-030	run-01	217.090909	20.000	11.590	6	coloring	leader-follower	easy	carrot	pattern-board pen position	applying-board contact force	SNIRF trial-start marker; fixed 20-s task duration; completion time from behavior
dyad-030	run-01	255.909091	20.000	12.010	7	coloring	leader-follower	easy	carrot	pattern-board pen position	applying-board contact force	SNIRF trial-start marker; fixed 20-s task duration; completion time from behavior
dyad-030	run-01	294.727273	20.000	11.580	8	coloring	leader-follower	easy	carrot	pattern-board pen position	applying-board contact force	SNIRF trial-start marker; fixed 20-s task duration; completion time from behavior
dyad-030	run-01	333.454545	20.000	11.691	9	coloring	leader-follower	easy	carrot	pattern-board pen position	applying-board contact force	SNIRF trial-start marker; fixed 20-s task duration; completion time from behavior
dyad-030	run-01	372.181818	20.000	12.609	10	coloring	leader-follower	easy	carrot	pattern-board pen position	applying-board contact force	SNIRF trial-start marker; fixed 20-s task duration; completion time from behavior
dyad-030	run-01	411.000000	20.000	12.609	11	coloring	leader-follower	easy	carrot	pattern-board pen position	applying-board contact force	SNIRF trial-start marker; fixed 20-s task duration; completion time from behavior
dyad-030	run-01	449.818182	20.000	12.773	12	coloring	leader-follower	easy	carrot	pattern-board pen position	applying-board contact force	SNIRF trial-start marker; fixed 20-s task duration; completion time from behavior
dyad-030	run-01	488.636364	20.000	12.773	13	coloring	leader-follower	easy	carrot	pattern-board pen position	applying-board contact force	SNIRF trial-start marker; fixed 20-s task duration; completion time from behavior
dyad-030	run-01	527.454545	20.000	13.080	14	coloring	leader-follower	easy	carrot	pattern-board pen position	applying-board contact force	SNIRF trial-start marker; fixed 20-s task duration; completion time from behavior
dyad-030	run-01	566.272727	20.000	12.311	15	coloring	leader-follower	easy	carrot	pattern-board pen position	applying-board contact force	SNIRF trial-start marker; fixed 20-s task duration; completion time from behavior
dyad-030	run-02	26.272727	20.000	11.964	1	coloring	leader-follower	hard	wave	pattern-board pen position	applying-board contact force	SNIRF trial-start marker; fixed 20-s task duration; completion time from behavior
dyad-030	run-02	65.090909	20.000	12.301	2	coloring	leader-follower	hard	wave	pattern-board pen position	applying-board contact force	SNIRF trial-start marker; fixed 20-s task duration; completion time from behavior
dyad-030	run-02	103.818182	20.000	12.549	3	coloring	leader-follower	hard	wave	pattern-board pen position	applying-board contact force	SNIRF trial-start marker; fixed 20-s task duration; completion time from behavior
dyad-030	run-02	142.636364	20.000	14.319	4	coloring	leader-follower	hard	wave	pattern-board pen position	applying-board contact force	SNIRF trial-start marker; fixed 20-s task duration; completion time from behavior
dyad-030	run-02	181.545455	20.000	12.556	5	coloring	leader-follower	hard	wave	pattern-board pen position	applying-board contact force	SNIRF trial-start marker; fixed 20-s task duration; completion time from behavior
dyad-030	run-02	220.363636	20.000	15.585	6	coloring	leader-follower	hard	wave	pattern-board pen position	applying-board contact force	SNIRF trial-start marker; fixed 20-s task duration; completion time from behavior
dyad-030	run-02	259.363636	20.000	15.643	7	coloring	leader-follower	hard	wave	pattern-board pen position	applying-board contact force	SNIRF trial-start marker; fixed 20-s task duration; completion time from behavior
dyad-030	run-02	298.363636	20.000	15.964	8	coloring	leader-follower	hard	wave	pattern-board pen position	applying-board contact force	SNIRF trial-start marker; fixed 20-s task duration; completion time from behavior
dyad-030	run-02	337.272727	20.000	15.556	9	coloring	leader-follower	hard	wave	pattern-board pen position	applying-board contact force	SNIRF trial-start marker; fixed 20-s task duration; completion time from behavior
dyad-030	run-02	376.272727	20.000	13.814	10	coloring	leader-follower	hard	wave	pattern-board pen position	applying-board contact force	SNIRF trial-start marker; fixed 20-s task duration; completion time from behavior
dyad-030	run-02	415.181818	20.000	14.336	11	coloring	leader-follower	hard	wave	pattern-board pen position	applying-board contact force	SNIRF trial-start marker; fixed 20-s task duration; completion time from behavior
dyad-030	run-02	454.090909	20.000	12.381	12	coloring	leader-follower	hard	wave	pattern-board pen position	applying-board contact force	SNIRF trial-start marker; fixed 20-s task duration; completion time from behavior
dyad-030	run-02	492.909091	20.000	14.247	13	coloring	leader-follower	hard	wave	pattern-board pen position	applying-board contact force	SNIRF trial-start marker; fixed 20-s task duration; completion time from behavior
dyad-030	run-02	531.727273	20.000	14.620	14	coloring	leader-follower	hard	wave	pattern-board pen position	applying-board contact force	SNIRF trial-start marker; fixed 20-s task duration; completion time from behavior
dyad-030	run-02	570.727273	20.000	14.621	15	coloring	leader-follower	hard	wave	pattern-board pen position	applying-board contact force	SNIRF trial-start marker; fixed 20-s task duration; completion time from behavior
dyad-030	run-03	31.636364	20.000	12.625	1	coloring	egalitarian	easy	carrot	x-axis position and contact force	y-axis position and contact force	SNIRF trial-start marker; fixed 20-s task duration; completion time from behavior
dyad-030	run-03	70.454545	20.000	12.625	2	coloring	egalitarian	easy	carrot	x-axis position and contact force	y-axis position and contact force	SNIRF trial-start marker; fixed 20-s task duration; completion time from behavior
dyad-030	run-03	109.909091	20.000	11.505	3	coloring	egalitarian	easy	carrot	x-axis position and contact force	y-axis position and contact force	SNIRF trial-start marker; fixed 20-s task duration; completion time from behavior
dyad-030	run-03	148.727273	20.000	15.140	4	coloring	egalitarian	easy	carrot	x-axis position and contact force	y-axis position and contact force	SNIRF trial-start marker; fixed 20-s task duration; completion time from behavior
dyad-030	run-03	187.636364	20.000	14.136	5	coloring	egalitarian	easy	carrot	x-axis position and contact force	y-axis position and contact force	SNIRF trial-start marker; fixed 20-s task duration; completion time from behavior
dyad-030	run-03	227.272727	20.000	14.478	6	coloring	egalitarian	easy	carrot	x-axis position and contact force	y-axis position and contact force	SNIRF trial-start marker; fixed 20-s task duration; completion time from behavior
dyad-030	run-03	266.636364	20.000	14.920	7	coloring	egalitarian	easy	carrot	x-axis position and contact force	y-axis position and contact force	SNIRF trial-start marker; fixed 20-s task duration; completion time from behavior
dyad-030	run-03	306.090909	20.000	14.920	8	coloring	egalitarian	easy	carrot	x-axis position and contact force	y-axis position and contact force	SNIRF trial-start marker; fixed 20-s task duration; completion time from behavior
dyad-030	run-03	345.181818	20.000	13.105	9	coloring	egalitarian	easy	carrot	x-axis position and contact force	y-axis position and contact force	SNIRF trial-start marker; fixed 20-s task duration; completion time from behavior
dyad-030	run-03	384.545455	20.000	15.364	10	coloring	egalitarian	easy	carrot	x-axis position and contact force	y-axis position and contact force	SNIRF trial-start marker; fixed 20-s task duration; completion time from behavior
dyad-030	run-03	424.000000	20.000	15.364	11	coloring	egalitarian	easy	carrot	x-axis position and contact force	y-axis position and contact force	SNIRF trial-start marker; fixed 20-s task duration; completion time from behavior
dyad-030	run-03	463.090909	20.000	13.967	12	coloring	egalitarian	easy	carrot	x-axis position and contact force	y-axis position and contact force	SNIRF trial-start marker; fixed 20-s task duration; completion time from behavior
dyad-030	run-03	502.363636	20.000	11.749	13	coloring	egalitarian	easy	carrot	x-axis position and contact force	y-axis position and contact force	SNIRF trial-start marker; fixed 20-s task duration; completion time from behavior
dyad-030	run-03	541.545455	20.000	14.289	14	coloring	egalitarian	easy	carrot	x-axis position and contact force	y-axis position and contact force	SNIRF trial-start marker; fixed 20-s task duration; completion time from behavior
dyad-030	run-03	580.818182	20.000	12.856	15	coloring	egalitarian	easy	carrot	x-axis position and contact force	y-axis position and contact force	SNIRF trial-start marker; fixed 20-s task duration; completion time from behavior
dyad-030	run-04	25.727273	20.000	13.265	1	coloring	egalitarian	hard	wave	x-axis position and contact force	y-axis position and contact force	SNIRF trial-start marker; fixed 20-s task duration; completion time from behavior
dyad-030	run-04	64.545455	20.000	13.822	2	coloring	egalitarian	hard	wave	x-axis position and contact force	y-axis position and contact force	SNIRF trial-start marker; fixed 20-s task duration; completion time from behavior
dyad-030	run-04	103.454545	20.000	15.304	3	coloring	egalitarian	hard	wave	x-axis position and contact force	y-axis position and contact force	SNIRF trial-start marker; fixed 20-s task duration; completion time from behavior
dyad-030	run-04	142.545455	20.000	16.156	4	coloring	egalitarian	hard	wave	x-axis position and contact force	y-axis position and contact force	SNIRF trial-start marker; fixed 20-s task duration; completion time from behavior
dyad-030	run-04	181.545455	20.000	15.697	5	coloring	egalitarian	hard	wave	x-axis position and contact force	y-axis position and contact force	SNIRF trial-start marker; fixed 20-s task duration; completion time from behavior
dyad-030	run-04	220.636364	20.000	14.399	6	coloring	egalitarian	hard	wave	x-axis position and contact force	y-axis position and contact force	SNIRF trial-start marker; fixed 20-s task duration; completion time from behavior
dyad-030	run-04	259.545455	20.000	15.256	7	coloring	egalitarian	hard	wave	x-axis position and contact force	y-axis position and contact force	SNIRF trial-start marker; fixed 20-s task duration; completion time from behavior
dyad-030	run-04	298.545455	20.000	14.468	8	coloring	egalitarian	hard	wave	x-axis position and contact force	y-axis position and contact force	SNIRF trial-start marker; fixed 20-s task duration; completion time from behavior
dyad-030	run-04	337.454545	20.000	14.611	9	coloring	egalitarian	hard	wave	x-axis position and contact force	y-axis position and contact force	SNIRF trial-start marker; fixed 20-s task duration; completion time from behavior
dyad-030	run-04	376.454545	20.000	14.737	10	coloring	egalitarian	hard	wave	x-axis position and contact force	y-axis position and contact force	SNIRF trial-start marker; fixed 20-s task duration; completion time from behavior
dyad-030	run-04	415.454545	20.000	17.262	11	coloring	egalitarian	hard	wave	x-axis position and contact force	y-axis position and contact force	SNIRF trial-start marker; fixed 20-s task duration; completion time from behavior
dyad-030	run-04	454.545455	20.000	16.592	12	coloring	egalitarian	hard	wave	x-axis position and contact force	y-axis position and contact force	SNIRF trial-start marker; fixed 20-s task duration; completion time from behavior
dyad-030	run-04	493.636364	20.000	15.645	13	coloring	egalitarian	hard	wave	x-axis position and contact force	y-axis position and contact force	SNIRF trial-start marker; fixed 20-s task duration; completion time from behavior
dyad-030	run-04	532.636364	20.000	15.925	14	coloring	egalitarian	hard	wave	x-axis position and contact force	y-axis position and contact force	SNIRF trial-start marker; fixed 20-s task duration; completion time from behavior
dyad-030	run-04	571.909091	20.000	12.837	15	coloring	egalitarian	hard	wave	x-axis position and contact force	y-axis position and contact force	SNIRF trial-start marker; fixed 20-s task duration; completion time from behavior
dyad-031	run-01	26.090909	20.000	13.936	1	coloring	leader-follower	easy	carrot	pattern-board pen position	applying-board contact force	SNIRF trial-start marker; fixed 20-s task duration; completion time from behavior
dyad-031	run-01	65.181818	20.000	11.497	2	coloring	leader-follower	easy	carrot	pattern-board pen position	applying-board contact force	SNIRF trial-start marker; fixed 20-s task duration; completion time from behavior
dyad-031	run-01	103.909091	20.000	12.062	3	coloring	leader-follower	easy	carrot	pattern-board pen position	applying-board contact force	SNIRF trial-start marker; fixed 20-s task duration; completion time from behavior
dyad-031	run-01	142.636364	20.000	11.584	4	coloring	leader-follower	easy	carrot	pattern-board pen position	applying-board contact force	SNIRF trial-start marker; fixed 20-s task duration; completion time from behavior
dyad-031	run-01	181.363636	20.000	11.228	5	coloring	leader-follower	easy	carrot	pattern-board pen position	applying-board contact force	SNIRF trial-start marker; fixed 20-s task duration; completion time from behavior
dyad-031	run-01	220.090909	20.000	11.915	6	coloring	leader-follower	easy	carrot	pattern-board pen position	applying-board contact force	SNIRF trial-start marker; fixed 20-s task duration; completion time from behavior
dyad-031	run-01	258.818182	20.000	14.111	7	coloring	leader-follower	easy	carrot	pattern-board pen position	applying-board contact force	SNIRF trial-start marker; fixed 20-s task duration; completion time from behavior
dyad-031	run-01	297.636364	20.000	11.986	8	coloring	leader-follower	easy	carrot	pattern-board pen position	applying-board contact force	SNIRF trial-start marker; fixed 20-s task duration; completion time from behavior
dyad-031	run-01	336.363636	20.000	10.070	9	coloring	leader-follower	easy	carrot	pattern-board pen position	applying-board contact force	SNIRF trial-start marker; fixed 20-s task duration; completion time from behavior
dyad-031	run-01	375.000000	20.000	9.122	10	coloring	leader-follower	easy	carrot	pattern-board pen position	applying-board contact force	SNIRF trial-start marker; fixed 20-s task duration; completion time from behavior
dyad-031	run-01	413.545455	20.000	11.161	11	coloring	leader-follower	easy	carrot	pattern-board pen position	applying-board contact force	SNIRF trial-start marker; fixed 20-s task duration; completion time from behavior
dyad-031	run-01	452.363636	20.000	10.681	12	coloring	leader-follower	easy	carrot	pattern-board pen position	applying-board contact force	SNIRF trial-start marker; fixed 20-s task duration; completion time from behavior
dyad-031	run-01	491.000000	20.000	10.892	13	coloring	leader-follower	easy	carrot	pattern-board pen position	applying-board contact force	SNIRF trial-start marker; fixed 20-s task duration; completion time from behavior
dyad-031	run-01	529.727273	20.000	9.240	14	coloring	leader-follower	easy	carrot	pattern-board pen position	applying-board contact force	SNIRF trial-start marker; fixed 20-s task duration; completion time from behavior
dyad-031	run-01	568.272727	20.000	10.005	15	coloring	leader-follower	easy	carrot	pattern-board pen position	applying-board contact force	SNIRF trial-start marker; fixed 20-s task duration; completion time from behavior
dyad-031	run-02	46.636364	20.000	10.606	1	coloring	leader-follower	hard	wave	pattern-board pen position	applying-board contact force	SNIRF trial-start marker; fixed 20-s task duration; completion time from behavior
dyad-031	run-02	85.363636	20.000	11.762	2	coloring	leader-follower	hard	wave	pattern-board pen position	applying-board contact force	SNIRF trial-start marker; fixed 20-s task duration; completion time from behavior
dyad-031	run-02	124.090909	20.000	12.272	3	coloring	leader-follower	hard	wave	pattern-board pen position	applying-board contact force	SNIRF trial-start marker; fixed 20-s task duration; completion time from behavior
dyad-031	run-02	162.909091	20.000	11.876	4	coloring	leader-follower	hard	wave	pattern-board pen position	applying-board contact force	SNIRF trial-start marker; fixed 20-s task duration; completion time from behavior
dyad-031	run-02	201.818182	20.000	12.354	5	coloring	leader-follower	hard	wave	pattern-board pen position	applying-board contact force	SNIRF trial-start marker; fixed 20-s task duration; completion time from behavior
dyad-031	run-02	240.727273	20.000	11.691	6	coloring	leader-follower	hard	wave	pattern-board pen position	applying-board contact force	SNIRF trial-start marker; fixed 20-s task duration; completion time from behavior
dyad-031	run-02	279.545455	20.000	12.056	7	coloring	leader-follower	hard	wave	pattern-board pen position	applying-board contact force	SNIRF trial-start marker; fixed 20-s task duration; completion time from behavior
dyad-031	run-02	318.454545	20.000	12.011	8	coloring	leader-follower	hard	wave	pattern-board pen position	applying-board contact force	SNIRF trial-start marker; fixed 20-s task duration; completion time from behavior
dyad-031	run-02	357.363636	20.000	11.683	9	coloring	leader-follower	hard	wave	pattern-board pen position	applying-board contact force	SNIRF trial-start marker; fixed 20-s task duration; completion time from behavior
dyad-031	run-02	396.272727	20.000	11.550	10	coloring	leader-follower	hard	wave	pattern-board pen position	applying-board contact force	SNIRF trial-start marker; fixed 20-s task duration; completion time from behavior
dyad-031	run-02	435.090909	20.000	12.126	11	coloring	leader-follower	hard	wave	pattern-board pen position	applying-board contact force	SNIRF trial-start marker; fixed 20-s task duration; completion time from behavior
dyad-031	run-02	474.000000	20.000	12.227	12	coloring	leader-follower	hard	wave	pattern-board pen position	applying-board contact force	SNIRF trial-start marker; fixed 20-s task duration; completion time from behavior
dyad-031	run-02	512.818182	20.000	12.274	13	coloring	leader-follower	hard	wave	pattern-board pen position	applying-board contact force	SNIRF trial-start marker; fixed 20-s task duration; completion time from behavior
dyad-031	run-02	551.636364	20.000	11.463	14	coloring	leader-follower	hard	wave	pattern-board pen position	applying-board contact force	SNIRF trial-start marker; fixed 20-s task duration; completion time from behavior
dyad-031	run-02	590.363636	20.000	11.808	15	coloring	leader-follower	hard	wave	pattern-board pen position	applying-board contact force	SNIRF trial-start marker; fixed 20-s task duration; completion time from behavior
dyad-031	run-03	41.363636	20.000	11.251	1	coloring	egalitarian	easy	carrot	x-axis position and contact force	y-axis position and contact force	SNIRF trial-start marker; fixed 20-s task duration; completion time from behavior
dyad-031	run-03	82.000000	20.000	14.574	2	coloring	egalitarian	easy	carrot	x-axis position and contact force	y-axis position and contact force	SNIRF trial-start marker; fixed 20-s task duration; completion time from behavior
dyad-031	run-03	120.909091	20.000	13.154	3	coloring	egalitarian	easy	carrot	x-axis position and contact force	y-axis position and contact force	SNIRF trial-start marker; fixed 20-s task duration; completion time from behavior
dyad-031	run-03	159.727273	20.000	14.956	4	coloring	egalitarian	easy	carrot	x-axis position and contact force	y-axis position and contact force	SNIRF trial-start marker; fixed 20-s task duration; completion time from behavior
dyad-031	run-03	198.545455	20.000	14.956	5	coloring	egalitarian	easy	carrot	x-axis position and contact force	y-axis position and contact force	SNIRF trial-start marker; fixed 20-s task duration; completion time from behavior
dyad-031	run-03	236.636364	20.000	13.099	6	coloring	egalitarian	easy	carrot	x-axis position and contact force	y-axis position and contact force	SNIRF trial-start marker; fixed 20-s task duration; completion time from behavior
dyad-031	run-03	275.454545	20.000	13.029	7	coloring	egalitarian	easy	carrot	x-axis position and contact force	y-axis position and contact force	SNIRF trial-start marker; fixed 20-s task duration; completion time from behavior
dyad-031	run-03	314.272727	20.000	11.987	8	coloring	egalitarian	easy	carrot	x-axis position and contact force	y-axis position and contact force	SNIRF trial-start marker; fixed 20-s task duration; completion time from behavior
dyad-031	run-03	353.090909	20.000	11.245	9	coloring	egalitarian	easy	carrot	x-axis position and contact force	y-axis position and contact force	SNIRF trial-start marker; fixed 20-s task duration; completion time from behavior
dyad-031	run-03	391.818182	20.000	10.187	10	coloring	egalitarian	easy	carrot	x-axis position and contact force	y-axis position and contact force	SNIRF trial-start marker; fixed 20-s task duration; completion time from behavior
dyad-031	run-03	430.363636	20.000	13.539	11	coloring	egalitarian	easy	carrot	x-axis position and contact force	y-axis position and contact force	SNIRF trial-start marker; fixed 20-s task duration; completion time from behavior
dyad-031	run-03	469.181818	20.000	11.387	12	coloring	egalitarian	easy	carrot	x-axis position and contact force	y-axis position and contact force	SNIRF trial-start marker; fixed 20-s task duration; completion time from behavior
dyad-031	run-03	507.909091	20.000	13.682	13	coloring	egalitarian	easy	carrot	x-axis position and contact force	y-axis position and contact force	SNIRF trial-start marker; fixed 20-s task duration; completion time from behavior
dyad-031	run-03	546.636364	20.000	12.703	14	coloring	egalitarian	easy	carrot	x-axis position and contact force	y-axis position and contact force	SNIRF trial-start marker; fixed 20-s task duration; completion time from behavior
dyad-031	run-03	585.454545	20.000	13.372	15	coloring	egalitarian	easy	carrot	x-axis position and contact force	y-axis position and contact force	SNIRF trial-start marker; fixed 20-s task duration; completion time from behavior
dyad-031	run-04	25.000000	20.000	11.899	1	coloring	egalitarian	hard	wave	x-axis position and contact force	y-axis position and contact force	SNIRF trial-start marker; fixed 20-s task duration; completion time from behavior
dyad-031	run-04	64.363636	20.000	12.560	2	coloring	egalitarian	hard	wave	x-axis position and contact force	y-axis position and contact force	SNIRF trial-start marker; fixed 20-s task duration; completion time from behavior
dyad-031	run-04	103.363636	20.000	12.596	3	coloring	egalitarian	hard	wave	x-axis position and contact force	y-axis position and contact force	SNIRF trial-start marker; fixed 20-s task duration; completion time from behavior
dyad-031	run-04	142.454545	20.000	11.749	4	coloring	egalitarian	hard	wave	x-axis position and contact force	y-axis position and contact force	SNIRF trial-start marker; fixed 20-s task duration; completion time from behavior
dyad-031	run-04	181.363636	20.000	10.108	5	coloring	egalitarian	hard	wave	x-axis position and contact force	y-axis position and contact force	SNIRF trial-start marker; fixed 20-s task duration; completion time from behavior
dyad-031	run-04	220.272727	20.000	10.665	6	coloring	egalitarian	hard	wave	x-axis position and contact force	y-axis position and contact force	SNIRF trial-start marker; fixed 20-s task duration; completion time from behavior
dyad-031	run-04	259.090909	20.000	10.742	7	coloring	egalitarian	hard	wave	x-axis position and contact force	y-axis position and contact force	SNIRF trial-start marker; fixed 20-s task duration; completion time from behavior
dyad-031	run-04	297.909091	20.000	10.589	8	coloring	egalitarian	hard	wave	x-axis position and contact force	y-axis position and contact force	SNIRF trial-start marker; fixed 20-s task duration; completion time from behavior
dyad-031	run-04	336.818182	20.000	10.163	9	coloring	egalitarian	hard	wave	x-axis position and contact force	y-axis position and contact force	SNIRF trial-start marker; fixed 20-s task duration; completion time from behavior
dyad-031	run-04	375.636364	20.000	10.402	10	coloring	egalitarian	hard	wave	x-axis position and contact force	y-axis position and contact force	SNIRF trial-start marker; fixed 20-s task duration; completion time from behavior
dyad-031	run-04	414.545455	20.000	10.580	11	coloring	egalitarian	hard	wave	x-axis position and contact force	y-axis position and contact force	SNIRF trial-start marker; fixed 20-s task duration; completion time from behavior
dyad-031	run-04	453.454545	20.000	12.342	12	coloring	egalitarian	hard	wave	x-axis position and contact force	y-axis position and contact force	SNIRF trial-start marker; fixed 20-s task duration; completion time from behavior
dyad-031	run-04	492.545455	20.000	12.382	13	coloring	egalitarian	hard	wave	x-axis position and contact force	y-axis position and contact force	SNIRF trial-start marker; fixed 20-s task duration; completion time from behavior
dyad-031	run-04	531.636364	20.000	10.916	14	coloring	egalitarian	hard	wave	x-axis position and contact force	y-axis position and contact force	SNIRF trial-start marker; fixed 20-s task duration; completion time from behavior
dyad-031	run-04	570.545455	20.000	11.286	15	coloring	egalitarian	hard	wave	x-axis position and contact force	y-axis position and contact force	SNIRF trial-start marker; fixed 20-s task duration; completion time from behavior
dyad-032	run-01	29.909091	20.000	8.633	1	coloring	leader-follower	easy	carrot	pattern-board pen position	applying-board contact force	SNIRF trial-start marker; fixed 20-s task duration; completion time from behavior
dyad-032	run-01	68.545455	20.000	9.468	2	coloring	leader-follower	easy	carrot	pattern-board pen position	applying-board contact force	SNIRF trial-start marker; fixed 20-s task duration; completion time from behavior
dyad-032	run-01	107.636364	20.000	12.057	3	coloring	leader-follower	easy	carrot	pattern-board pen position	applying-board contact force	SNIRF trial-start marker; fixed 20-s task duration; completion time from behavior
dyad-032	run-01	146.909091	20.000	12.082	4	coloring	leader-follower	easy	carrot	pattern-board pen position	applying-board contact force	SNIRF trial-start marker; fixed 20-s task duration; completion time from behavior
dyad-032	run-01	186.272727	20.000	13.728	5	coloring	leader-follower	easy	carrot	pattern-board pen position	applying-board contact force	SNIRF trial-start marker; fixed 20-s task duration; completion time from behavior
dyad-032	run-01	225.181818	20.000	13.728	6	coloring	leader-follower	easy	carrot	pattern-board pen position	applying-board contact force	SNIRF trial-start marker; fixed 20-s task duration; completion time from behavior
dyad-032	run-01	264.181818	20.000	11.859	7	coloring	leader-follower	easy	carrot	pattern-board pen position	applying-board contact force	SNIRF trial-start marker; fixed 20-s task duration; completion time from behavior
dyad-032	run-01	303.090909	20.000	11.858	8	coloring	leader-follower	easy	carrot	pattern-board pen position	applying-board contact force	SNIRF trial-start marker; fixed 20-s task duration; completion time from behavior
dyad-032	run-01	342.000000	20.000	11.172	9	coloring	leader-follower	easy	carrot	pattern-board pen position	applying-board contact force	SNIRF trial-start marker; fixed 20-s task duration; completion time from behavior
dyad-032	run-01	381.000000	20.000	11.573	10	coloring	leader-follower	easy	carrot	pattern-board pen position	applying-board contact force	SNIRF trial-start marker; fixed 20-s task duration; completion time from behavior
dyad-032	run-01	419.818182	20.000	12.251	11	coloring	leader-follower	easy	carrot	pattern-board pen position	applying-board contact force	SNIRF trial-start marker; fixed 20-s task duration; completion time from behavior
dyad-032	run-01	458.727273	20.000	12.963	12	coloring	leader-follower	easy	carrot	pattern-board pen position	applying-board contact force	SNIRF trial-start marker; fixed 20-s task duration; completion time from behavior
dyad-032	run-01	497.727273	20.000	12.099	13	coloring	leader-follower	easy	carrot	pattern-board pen position	applying-board contact force	SNIRF trial-start marker; fixed 20-s task duration; completion time from behavior
dyad-032	run-01	536.545455	20.000	11.588	14	coloring	leader-follower	easy	carrot	pattern-board pen position	applying-board contact force	SNIRF trial-start marker; fixed 20-s task duration; completion time from behavior
dyad-032	run-01	575.636364	20.000	12.145	15	coloring	leader-follower	easy	carrot	pattern-board pen position	applying-board contact force	SNIRF trial-start marker; fixed 20-s task duration; completion time from behavior
dyad-032	run-02	27.909091	20.000	15.456	1	coloring	leader-follower	hard	wave	pattern-board pen position	applying-board contact force	SNIRF trial-start marker; fixed 20-s task duration; completion time from behavior
dyad-032	run-02	66.818182	20.000	15.456	2	coloring	leader-follower	hard	wave	pattern-board pen position	applying-board contact force	SNIRF trial-start marker; fixed 20-s task duration; completion time from behavior
dyad-032	run-02	106.181818	20.000	15.009	3	coloring	leader-follower	hard	wave	pattern-board pen position	applying-board contact force	SNIRF trial-start marker; fixed 20-s task duration; completion time from behavior
dyad-032	run-02	145.000000	20.000	11.933	4	coloring	leader-follower	hard	wave	pattern-board pen position	applying-board contact force	SNIRF trial-start marker; fixed 20-s task duration; completion time from behavior
dyad-032	run-02	183.727273	20.000	15.141	5	coloring	leader-follower	hard	wave	pattern-board pen position	applying-board contact force	SNIRF trial-start marker; fixed 20-s task duration; completion time from behavior
dyad-032	run-02	222.545455	20.000	15.141	6	coloring	leader-follower	hard	wave	pattern-board pen position	applying-board contact force	SNIRF trial-start marker; fixed 20-s task duration; completion time from behavior
dyad-032	run-02	261.727273	20.000	15.895	7	coloring	leader-follower	hard	wave	pattern-board pen position	applying-board contact force	SNIRF trial-start marker; fixed 20-s task duration; completion time from behavior
dyad-032	run-02	300.636364	20.000	15.895	8	coloring	leader-follower	hard	wave	pattern-board pen position	applying-board contact force	SNIRF trial-start marker; fixed 20-s task duration; completion time from behavior
dyad-032	run-02	339.545455	20.000	14.275	9	coloring	leader-follower	hard	wave	pattern-board pen position	applying-board contact force	SNIRF trial-start marker; fixed 20-s task duration; completion time from behavior
dyad-032	run-02	378.363636	20.000	16.257	10	coloring	leader-follower	hard	wave	pattern-board pen position	applying-board contact force	SNIRF trial-start marker; fixed 20-s task duration; completion time from behavior
dyad-032	run-02	417.272727	20.000	16.206	11	coloring	leader-follower	hard	wave	pattern-board pen position	applying-board contact force	SNIRF trial-start marker; fixed 20-s task duration; completion time from behavior
dyad-032	run-02	456.272727	20.000	15.464	12	coloring	leader-follower	hard	wave	pattern-board pen position	applying-board contact force	SNIRF trial-start marker; fixed 20-s task duration; completion time from behavior
dyad-032	run-02	495.090909	20.000	14.984	13	coloring	leader-follower	hard	wave	pattern-board pen position	applying-board contact force	SNIRF trial-start marker; fixed 20-s task duration; completion time from behavior
dyad-032	run-02	534.000000	20.000	15.380	14	coloring	leader-follower	hard	wave	pattern-board pen position	applying-board contact force	SNIRF trial-start marker; fixed 20-s task duration; completion time from behavior
dyad-032	run-02	572.818182	20.000	16.124	15	coloring	leader-follower	hard	wave	pattern-board pen position	applying-board contact force	SNIRF trial-start marker; fixed 20-s task duration; completion time from behavior
dyad-032	run-03	120.181818	20.000	11.011	1	coloring	egalitarian	easy	carrot	x-axis position and contact force	y-axis position and contact force	SNIRF trial-start marker; fixed 20-s task duration; completion time from behavior
dyad-032	run-03	159.363636	20.000	11.011	2	coloring	egalitarian	easy	carrot	x-axis position and contact force	y-axis position and contact force	SNIRF trial-start marker; fixed 20-s task duration; completion time from behavior
dyad-032	run-03	198.000000	20.000	13.048	3	coloring	egalitarian	easy	carrot	x-axis position and contact force	y-axis position and contact force	SNIRF trial-start marker; fixed 20-s task duration; completion time from behavior
dyad-032	run-03	236.727273	20.000	10.686	4	coloring	egalitarian	easy	carrot	x-axis position and contact force	y-axis position and contact force	SNIRF trial-start marker; fixed 20-s task duration; completion time from behavior
dyad-032	run-03	275.363636	20.000	10.044	5	coloring	egalitarian	easy	carrot	x-axis position and contact force	y-axis position and contact force	SNIRF trial-start marker; fixed 20-s task duration; completion time from behavior
dyad-032	run-03	314.181818	20.000	11.072	6	coloring	egalitarian	easy	carrot	x-axis position and contact force	y-axis position and contact force	SNIRF trial-start marker; fixed 20-s task duration; completion time from behavior
dyad-032	run-03	352.818182	20.000	10.391	7	coloring	egalitarian	easy	carrot	x-axis position and contact force	y-axis position and contact force	SNIRF trial-start marker; fixed 20-s task duration; completion time from behavior
dyad-032	run-03	391.454545	20.000	11.988	8	coloring	egalitarian	easy	carrot	x-axis position and contact force	y-axis position and contact force	SNIRF trial-start marker; fixed 20-s task duration; completion time from behavior
dyad-032	run-03	430.181818	20.000	10.936	9	coloring	egalitarian	easy	carrot	x-axis position and contact force	y-axis position and contact force	SNIRF trial-start marker; fixed 20-s task duration; completion time from behavior
dyad-032	run-03	468.818182	20.000	11.663	10	coloring	egalitarian	easy	carrot	x-axis position and contact force	y-axis position and contact force	SNIRF trial-start marker; fixed 20-s task duration; completion time from behavior
dyad-032	run-03	507.545455	20.000	13.183	11	coloring	egalitarian	easy	carrot	x-axis position and contact force	y-axis position and contact force	SNIRF trial-start marker; fixed 20-s task duration; completion time from behavior
dyad-032	run-03	546.272727	20.000	13.183	12	coloring	egalitarian	easy	carrot	x-axis position and contact force	y-axis position and contact force	SNIRF trial-start marker; fixed 20-s task duration; completion time from behavior
dyad-032	run-03	585.000000	20.000	13.183	13	coloring	egalitarian	easy	carrot	x-axis position and contact force	y-axis position and contact force	SNIRF trial-start marker; fixed 20-s task duration; completion time from behavior
dyad-032	run-03	623.636364	20.000	13.183	14	coloring	egalitarian	easy	carrot	x-axis position and contact force	y-axis position and contact force	SNIRF trial-start marker; fixed 20-s task duration; completion time from behavior
dyad-032	run-03	662.181818	20.000	13.183	15	coloring	egalitarian	easy	carrot	x-axis position and contact force	y-axis position and contact force	SNIRF trial-start marker; fixed 20-s task duration; completion time from behavior
dyad-032	run-04	30.636364	20.000	13.717	1	coloring	egalitarian	hard	wave	x-axis position and contact force	y-axis position and contact force	SNIRF trial-start marker; fixed 20-s task duration; completion time from behavior
dyad-032	run-04	69.545455	20.000	13.717	2	coloring	egalitarian	hard	wave	x-axis position and contact force	y-axis position and contact force	SNIRF trial-start marker; fixed 20-s task duration; completion time from behavior
dyad-032	run-04	108.363636	20.000	13.717	3	coloring	egalitarian	hard	wave	x-axis position and contact force	y-axis position and contact force	SNIRF trial-start marker; fixed 20-s task duration; completion time from behavior
dyad-032	run-04	147.181818	20.000	9.805	4	coloring	egalitarian	hard	wave	x-axis position and contact force	y-axis position and contact force	SNIRF trial-start marker; fixed 20-s task duration; completion time from behavior
dyad-032	run-04	185.818182	20.000	11.160	5	coloring	egalitarian	hard	wave	x-axis position and contact force	y-axis position and contact force	SNIRF trial-start marker; fixed 20-s task duration; completion time from behavior
dyad-032	run-04	224.454545	20.000	12.803	6	coloring	egalitarian	hard	wave	x-axis position and contact force	y-axis position and contact force	SNIRF trial-start marker; fixed 20-s task duration; completion time from behavior
dyad-032	run-04	263.272727	20.000	12.500	7	coloring	egalitarian	hard	wave	x-axis position and contact force	y-axis position and contact force	SNIRF trial-start marker; fixed 20-s task duration; completion time from behavior
dyad-032	run-04	302.090909	20.000	14.636	8	coloring	egalitarian	hard	wave	x-axis position and contact force	y-axis position and contact force	SNIRF trial-start marker; fixed 20-s task duration; completion time from behavior
dyad-032	run-04	340.909091	20.000	15.067	9	coloring	egalitarian	hard	wave	x-axis position and contact force	y-axis position and contact force	SNIRF trial-start marker; fixed 20-s task duration; completion time from behavior
dyad-032	run-04	379.818182	20.000	13.171	10	coloring	egalitarian	hard	wave	x-axis position and contact force	y-axis position and contact force	SNIRF trial-start marker; fixed 20-s task duration; completion time from behavior
dyad-032	run-04	418.909091	20.000	13.679	11	coloring	egalitarian	hard	wave	x-axis position and contact force	y-axis position and contact force	SNIRF trial-start marker; fixed 20-s task duration; completion time from behavior
dyad-032	run-04	457.727273	20.000	13.679	12	coloring	egalitarian	hard	wave	x-axis position and contact force	y-axis position and contact force	SNIRF trial-start marker; fixed 20-s task duration; completion time from behavior
dyad-032	run-04	496.818182	20.000	13.679	13	coloring	egalitarian	hard	wave	x-axis position and contact force	y-axis position and contact force	SNIRF trial-start marker; fixed 20-s task duration; completion time from behavior
dyad-032	run-04	535.545455	20.000	13.049	14	coloring	egalitarian	hard	wave	x-axis position and contact force	y-axis position and contact force	SNIRF trial-start marker; fixed 20-s task duration; completion time from behavior
dyad-032	run-04	574.363636	20.000	13.049	15	coloring	egalitarian	hard	wave	x-axis position and contact force	y-axis position and contact force	SNIRF trial-start marker; fixed 20-s task duration; completion time from behavior
